"provincia_name","provincia_url","provincia_embalse_name","provincia_embalse_url"
"Embalses de Álava","https://es.wikipedia.org/wiki/Categor%C3%ADa:Embalses_de_%C3%81lava","Embalse de Ullíbarri-Gamboa","https://es.wikipedia.org/wiki/Embalse_de_Ull%C3%ADbarri-Gamboa"
"Embalses de la provincia de Albacete","https://es.wikipedia.org/wiki/Categor%C3%ADa:Embalses_de_la_provincia_de_Albacete","Embalse del Camarillas","https://es.wikipedia.org/wiki/Embalse_del_Camarillas"
"Embalses de la provincia de Albacete","https://es.wikipedia.org/wiki/Categor%C3%ADa:Embalses_de_la_provincia_de_Albacete","Embalse del Cenajo","https://es.wikipedia.org/wiki/Embalse_del_Cenajo"
"Embalses de la provincia de Albacete","https://es.wikipedia.org/wiki/Categor%C3%ADa:Embalses_de_la_provincia_de_Albacete","Embalse de Almansa","https://es.wikipedia.org/wiki/Embalse_de_Almansa"
"Embalses de la provincia de Albacete","https://es.wikipedia.org/wiki/Categor%C3%ADa:Embalses_de_la_provincia_de_Albacete","Embalse del Molinar","https://es.wikipedia.org/wiki/Embalse_del_Molinar"
"Embalses de la provincia de Albacete","https://es.wikipedia.org/wiki/Categor%C3%ADa:Embalses_de_la_provincia_de_Albacete","Embalse de Talave","https://es.wikipedia.org/wiki/Embalse_de_Talave"
"Embalses de la provincia de Alicante","https://es.wikipedia.org/wiki/Categor%C3%ADa:Embalses_de_la_provincia_de_Alicante","Embalse del Amadorio","https://es.wikipedia.org/wiki/Embalse_del_Amadorio"
"Embalses de la provincia de Alicante","https://es.wikipedia.org/wiki/Categor%C3%ADa:Embalses_de_la_provincia_de_Alicante","Embalse de Beniarrés","https://es.wikipedia.org/wiki/Embalse_de_Beniarr%C3%A9s"
"Embalses de la provincia de Alicante","https://es.wikipedia.org/wiki/Categor%C3%ADa:Embalses_de_la_provincia_de_Alicante","Embalse de Crevillente","https://es.wikipedia.org/wiki/Embalse_de_Crevillente"
"Embalses de la provincia de Alicante","https://es.wikipedia.org/wiki/Categor%C3%ADa:Embalses_de_la_provincia_de_Alicante","Embalse de Elche","https://es.wikipedia.org/wiki/Embalse_de_Elche"
"Embalses de la provincia de Alicante","https://es.wikipedia.org/wiki/Categor%C3%ADa:Embalses_de_la_provincia_de_Alicante","Embalse de Elda","https://es.wikipedia.org/wiki/Embalse_de_Elda"
"Embalses de la provincia de Alicante","https://es.wikipedia.org/wiki/Categor%C3%ADa:Embalses_de_la_provincia_de_Alicante","Embalse de Guadalest","https://es.wikipedia.org/wiki/Embalse_de_Guadalest"
"Embalses de la provincia de Alicante","https://es.wikipedia.org/wiki/Categor%C3%ADa:Embalses_de_la_provincia_de_Alicante","Embalse de Isbert","https://es.wikipedia.org/wiki/Embalse_de_Isbert"
"Embalses de la provincia de Alicante","https://es.wikipedia.org/wiki/Categor%C3%ADa:Embalses_de_la_provincia_de_Alicante","Embalse de La Pedrera","https://es.wikipedia.org/wiki/Embalse_de_La_Pedrera"
"Embalses de la provincia de Alicante","https://es.wikipedia.org/wiki/Categor%C3%ADa:Embalses_de_la_provincia_de_Alicante","Embalse de Tibi","https://es.wikipedia.org/wiki/Embalse_de_Tibi"
"Embalses de la provincia de Almería","https://es.wikipedia.org/wiki/Categor%C3%ADa:Embalses_de_la_provincia_de_Almer%C3%ADa","Pantano de Benínar","https://es.wikipedia.org/wiki/Pantano_de_Ben%C3%ADnar"
"Embalses de la provincia de Almería","https://es.wikipedia.org/wiki/Categor%C3%ADa:Embalses_de_la_provincia_de_Almer%C3%ADa","Embalse de Cuevas del Almanzora","https://es.wikipedia.org/wiki/Embalse_de_Cuevas_del_Almanzora"
"Embalses de la provincia de Almería","https://es.wikipedia.org/wiki/Categor%C3%ADa:Embalses_de_la_provincia_de_Almer%C3%ADa","Embalse de Isabel II","https://es.wikipedia.org/wiki/Embalse_de_Isabel_II"
"Embalses de la provincia de Almería","https://es.wikipedia.org/wiki/Categor%C3%ADa:Embalses_de_la_provincia_de_Almer%C3%ADa","Presas de Almería","https://es.wikipedia.org/wiki/Presas_de_Almer%C3%ADa"
"Embalses de Asturias","https://es.wikipedia.org/wiki/Categor%C3%ADa:Embalses_de_Asturias","Embalses de Asturias del siglo XX","https://es.wikipedia.org/wiki/Categor%C3%ADa:Embalses_de_Asturias_del_siglo_XX"
"Embalses de Asturias","https://es.wikipedia.org/wiki/Categor%C3%ADa:Embalses_de_Asturias","Anexo:Embalses de Asturias","https://es.wikipedia.org/wiki/Anexo:Embalses_de_Asturias"
"Embalses de la provincia de Ávila","https://es.wikipedia.org/wiki/Categor%C3%ADa:Embalses_de_la_provincia_de_%C3%81vila","Embalse de Becerril","https://es.wikipedia.org/wiki/Embalse_de_Becerril"
"Embalses de la provincia de Ávila","https://es.wikipedia.org/wiki/Categor%C3%ADa:Embalses_de_la_provincia_de_%C3%81vila","Embalse del Castro de las Cogotas","https://es.wikipedia.org/wiki/Embalse_del_Castro_de_las_Cogotas"
"Embalses de la provincia de Ávila","https://es.wikipedia.org/wiki/Categor%C3%ADa:Embalses_de_la_provincia_de_%C3%81vila","Embalse del Charco del Cura","https://es.wikipedia.org/wiki/Embalse_del_Charco_del_Cura"
"Embalses de la provincia de Ávila","https://es.wikipedia.org/wiki/Categor%C3%ADa:Embalses_de_la_provincia_de_%C3%81vila","Embalse de El Burguillo","https://es.wikipedia.org/wiki/Embalse_de_El_Burguillo"
"Embalses de la provincia de Ávila","https://es.wikipedia.org/wiki/Categor%C3%ADa:Embalses_de_la_provincia_de_%C3%81vila","Embalse de El Duque","https://es.wikipedia.org/wiki/Embalse_de_El_Duque"
"Embalses de la provincia de Ávila","https://es.wikipedia.org/wiki/Categor%C3%ADa:Embalses_de_la_provincia_de_%C3%81vila","Embalse de Fuentes Claras","https://es.wikipedia.org/wiki/Embalse_de_Fuentes_Claras"
"Embalses de la provincia de Ávila","https://es.wikipedia.org/wiki/Categor%C3%ADa:Embalses_de_la_provincia_de_%C3%81vila","Embalse de La Aceña","https://es.wikipedia.org/wiki/Embalse_de_La_Ace%C3%B1a"
"Embalses de la provincia de Ávila","https://es.wikipedia.org/wiki/Categor%C3%ADa:Embalses_de_la_provincia_de_%C3%81vila","Embalse de El Milagro","https://es.wikipedia.org/wiki/Embalse_de_El_Milagro"
"Embalses de la provincia de Ávila","https://es.wikipedia.org/wiki/Categor%C3%ADa:Embalses_de_la_provincia_de_%C3%81vila","Embalse de Rosarito","https://es.wikipedia.org/wiki/Embalse_de_Rosarito"
"Embalses de la provincia de Ávila","https://es.wikipedia.org/wiki/Categor%C3%ADa:Embalses_de_la_provincia_de_%C3%81vila","Embalse de San Juan","https://es.wikipedia.org/wiki/Embalse_de_San_Juan"
"Embalses de la provincia de Ávila","https://es.wikipedia.org/wiki/Categor%C3%ADa:Embalses_de_la_provincia_de_%C3%81vila","Embalse de Serones","https://es.wikipedia.org/wiki/Embalse_de_Serones"
"Embalses de la provincia de Badajoz","https://es.wikipedia.org/wiki/Categor%C3%ADa:Embalses_de_la_provincia_de_Badajoz","Embalse de Alange","https://es.wikipedia.org/wiki/Embalse_de_Alange"
"Embalses de la provincia de Badajoz","https://es.wikipedia.org/wiki/Categor%C3%ADa:Embalses_de_la_provincia_de_Badajoz","Embalse de Cíjara","https://es.wikipedia.org/wiki/Embalse_de_C%C3%ADjara"
"Embalses de la provincia de Badajoz","https://es.wikipedia.org/wiki/Categor%C3%ADa:Embalses_de_la_provincia_de_Badajoz","Embalse de Cornalvo","https://es.wikipedia.org/wiki/Embalse_de_Cornalvo"
"Embalses de la provincia de Badajoz","https://es.wikipedia.org/wiki/Categor%C3%ADa:Embalses_de_la_provincia_de_Badajoz","Embalse de García de Sola","https://es.wikipedia.org/wiki/Embalse_de_Garc%C3%ADa_de_Sola"
"Embalses de la provincia de Badajoz","https://es.wikipedia.org/wiki/Categor%C3%ADa:Embalses_de_la_provincia_de_Badajoz","Embalse de La Serena","https://es.wikipedia.org/wiki/Embalse_de_La_Serena"
"Embalses de la provincia de Badajoz","https://es.wikipedia.org/wiki/Categor%C3%ADa:Embalses_de_la_provincia_de_Badajoz","Embalse de Los Canchales","https://es.wikipedia.org/wiki/Embalse_de_Los_Canchales"
"Embalses de la provincia de Badajoz","https://es.wikipedia.org/wiki/Categor%C3%ADa:Embalses_de_la_provincia_de_Badajoz","Embalse de Nogales","https://es.wikipedia.org/wiki/Embalse_de_Nogales"
"Embalses de la provincia de Badajoz","https://es.wikipedia.org/wiki/Categor%C3%ADa:Embalses_de_la_provincia_de_Badajoz","Embalse de Orellana","https://es.wikipedia.org/wiki/Embalse_de_Orellana"
"Embalses de la provincia de Badajoz","https://es.wikipedia.org/wiki/Categor%C3%ADa:Embalses_de_la_provincia_de_Badajoz","Embalse de Piedra Aguda","https://es.wikipedia.org/wiki/Embalse_de_Piedra_Aguda"
"Embalses de la provincia de Badajoz","https://es.wikipedia.org/wiki/Categor%C3%ADa:Embalses_de_la_provincia_de_Badajoz","Embalse de Proserpina","https://es.wikipedia.org/wiki/Embalse_de_Proserpina"
"Embalses de la provincia de Badajoz","https://es.wikipedia.org/wiki/Categor%C3%ADa:Embalses_de_la_provincia_de_Badajoz","Embalse de Villalba de los Barros","https://es.wikipedia.org/wiki/Embalse_de_Villalba_de_los_Barros"
"Embalses de la provincia de Badajoz","https://es.wikipedia.org/wiki/Categor%C3%ADa:Embalses_de_la_provincia_de_Badajoz","Embalse del Zújar","https://es.wikipedia.org/wiki/Embalse_del_Z%C3%BAjar"
"Embalses de la provincia de Barcelona","https://es.wikipedia.org/wiki/Categor%C3%ADa:Embalses_de_la_provincia_de_Barcelona","Embalse de Argensola","https://es.wikipedia.org/wiki/Embalse_de_Argensola"
"Embalses de la provincia de Barcelona","https://es.wikipedia.org/wiki/Categor%C3%ADa:Embalses_de_la_provincia_de_Barcelona","Embalse de la Baells","https://es.wikipedia.org/wiki/Embalse_de_la_Baells"
"Embalses de la provincia de Barcelona","https://es.wikipedia.org/wiki/Categor%C3%ADa:Embalses_de_la_provincia_de_Barcelona","Embalse de Can Borrell","https://es.wikipedia.org/wiki/Embalse_de_Can_Borrell"
"Embalses de la provincia de Barcelona","https://es.wikipedia.org/wiki/Categor%C3%ADa:Embalses_de_la_provincia_de_Barcelona","Embalse de Caserras","https://es.wikipedia.org/wiki/Embalse_de_Caserras"
"Embalses de la provincia de Barcelona","https://es.wikipedia.org/wiki/Categor%C3%ADa:Embalses_de_la_provincia_de_Barcelona","Embalse de la Espunyola","https://es.wikipedia.org/wiki/Embalse_de_la_Espunyola"
"Embalses de la provincia de Barcelona","https://es.wikipedia.org/wiki/Categor%C3%ADa:Embalses_de_la_provincia_de_Barcelona","Pantano de Foix","https://es.wikipedia.org/wiki/Pantano_de_Foix"
"Embalses de la provincia de Barcelona","https://es.wikipedia.org/wiki/Categor%C3%ADa:Embalses_de_la_provincia_de_Barcelona","Embalse de la Fusta","https://es.wikipedia.org/wiki/Embalse_de_la_Fusta"
"Embalses de la provincia de Barcelona","https://es.wikipedia.org/wiki/Categor%C3%ADa:Embalses_de_la_provincia_de_Barcelona","Embalse de la Gavarresa","https://es.wikipedia.org/wiki/Embalse_de_la_Gavarresa"
"Embalses de la provincia de Barcelona","https://es.wikipedia.org/wiki/Categor%C3%ADa:Embalses_de_la_provincia_de_Barcelona","Embalse del Marcet","https://es.wikipedia.org/wiki/Embalse_del_Marcet"
"Embalses de la provincia de Barcelona","https://es.wikipedia.org/wiki/Categor%C3%ADa:Embalses_de_la_provincia_de_Barcelona","Embalse de San Martín de Tous","https://es.wikipedia.org/wiki/Embalse_de_San_Mart%C3%ADn_de_Tous"
"Embalses de la provincia de Barcelona","https://es.wikipedia.org/wiki/Categor%C3%ADa:Embalses_de_la_provincia_de_Barcelona","Embalse de San Quirico Safaja","https://es.wikipedia.org/wiki/Embalse_de_San_Quirico_Safaja"
"Embalses de la provincia de Barcelona","https://es.wikipedia.org/wiki/Categor%C3%ADa:Embalses_de_la_provincia_de_Barcelona","Embalse de Santa Fe","https://es.wikipedia.org/wiki/Embalse_de_Santa_Fe"
"Embalses de la provincia de Barcelona","https://es.wikipedia.org/wiki/Categor%C3%ADa:Embalses_de_la_provincia_de_Barcelona","Embalse de Sau","https://es.wikipedia.org/wiki/Embalse_de_Sau"
"Embalses de la provincia de Barcelona","https://es.wikipedia.org/wiki/Categor%C3%ADa:Embalses_de_la_provincia_de_Barcelona","Embalse de Serrateix","https://es.wikipedia.org/wiki/Embalse_de_Serrateix"
"Embalses de la provincia de Barcelona","https://es.wikipedia.org/wiki/Categor%C3%ADa:Embalses_de_la_provincia_de_Barcelona","Embalse de Seva","https://es.wikipedia.org/wiki/Embalse_de_Seva"
"Embalses de la provincia de Barcelona","https://es.wikipedia.org/wiki/Categor%C3%ADa:Embalses_de_la_provincia_de_Barcelona","Embalse de Vallforners","https://es.wikipedia.org/wiki/Embalse_de_Vallforners"
"Embalses de la provincia de Barcelona","https://es.wikipedia.org/wiki/Categor%C3%ADa:Embalses_de_la_provincia_de_Barcelona","Embalse de Vallvidrera","https://es.wikipedia.org/wiki/Embalse_de_Vallvidrera"
"Embalses de la provincia de Barcelona","https://es.wikipedia.org/wiki/Categor%C3%ADa:Embalses_de_la_provincia_de_Barcelona","Embalse de la Xoriguera","https://es.wikipedia.org/wiki/Embalse_de_la_Xoriguera"
"Embalses de la provincia de Burgos","https://es.wikipedia.org/wiki/Categor%C3%ADa:Embalses_de_la_provincia_de_Burgos","Embalse del Arlanzón","https://es.wikipedia.org/wiki/Embalse_del_Arlanz%C3%B3n"
"Embalses de la provincia de Burgos","https://es.wikipedia.org/wiki/Categor%C3%ADa:Embalses_de_la_provincia_de_Burgos","Embalse de Castrovido","https://es.wikipedia.org/wiki/Embalse_de_Castrovido"
"Embalses de la provincia de Burgos","https://es.wikipedia.org/wiki/Categor%C3%ADa:Embalses_de_la_provincia_de_Burgos","Embalse del Ebro","https://es.wikipedia.org/wiki/Embalse_del_Ebro"
"Embalses de la provincia de Burgos","https://es.wikipedia.org/wiki/Categor%C3%ADa:Embalses_de_la_provincia_de_Burgos","Embalse del Ordunte","https://es.wikipedia.org/wiki/Embalse_del_Ordunte"
"Embalses de la provincia de Burgos","https://es.wikipedia.org/wiki/Categor%C3%ADa:Embalses_de_la_provincia_de_Burgos","Embalse de Sobrón","https://es.wikipedia.org/wiki/Embalse_de_Sobr%C3%B3n"
"Embalses de la provincia de Burgos","https://es.wikipedia.org/wiki/Categor%C3%ADa:Embalses_de_la_provincia_de_Burgos","Embalse de Úzquiza","https://es.wikipedia.org/wiki/Embalse_de_%C3%9Azquiza"
"Embalses de la provincia de Cáceres","https://es.wikipedia.org/wiki/Categor%C3%ADa:Embalses_de_la_provincia_de_C%C3%A1ceres","Embalse de Alcántara","https://es.wikipedia.org/wiki/Embalse_de_Alc%C3%A1ntara"
"Embalses de la provincia de Cáceres","https://es.wikipedia.org/wiki/Categor%C3%ADa:Embalses_de_la_provincia_de_C%C3%A1ceres","Embalse de Alcuéscar","https://es.wikipedia.org/wiki/Embalse_de_Alcu%C3%A9scar"
"Embalses de la provincia de Cáceres","https://es.wikipedia.org/wiki/Categor%C3%ADa:Embalses_de_la_provincia_de_C%C3%A1ceres","Embalse de Aldea del Cano","https://es.wikipedia.org/wiki/Embalse_de_Aldea_del_Cano"
"Embalses de la provincia de Cáceres","https://es.wikipedia.org/wiki/Categor%C3%ADa:Embalses_de_la_provincia_de_C%C3%A1ceres","Embalse de Arrocampo","https://es.wikipedia.org/wiki/Embalse_de_Arrocampo"
"Embalses de la provincia de Cáceres","https://es.wikipedia.org/wiki/Categor%C3%ADa:Embalses_de_la_provincia_de_C%C3%A1ceres","Embalse de Ayuela","https://es.wikipedia.org/wiki/Embalse_de_Ayuela"
"Embalses de la provincia de Cáceres","https://es.wikipedia.org/wiki/Categor%C3%ADa:Embalses_de_la_provincia_de_C%C3%A1ceres","Embalse de Cancho del Fresno","https://es.wikipedia.org/wiki/Embalse_de_Cancho_del_Fresno"
"Embalses de la provincia de Cáceres","https://es.wikipedia.org/wiki/Categor%C3%ADa:Embalses_de_la_provincia_de_C%C3%A1ceres","Embalse de Cíjara","https://es.wikipedia.org/wiki/Embalse_de_C%C3%ADjara"
"Embalses de la provincia de Cáceres","https://es.wikipedia.org/wiki/Categor%C3%ADa:Embalses_de_la_provincia_de_C%C3%A1ceres","Embalse de Gabriel y Galán","https://es.wikipedia.org/wiki/Embalse_de_Gabriel_y_Gal%C3%A1n"
"Embalses de la provincia de Cáceres","https://es.wikipedia.org/wiki/Categor%C3%ADa:Embalses_de_la_provincia_de_C%C3%A1ceres","Embalse de Guadiloba","https://es.wikipedia.org/wiki/Embalse_de_Guadiloba"
"Embalses de la provincia de Cáceres","https://es.wikipedia.org/wiki/Categor%C3%ADa:Embalses_de_la_provincia_de_C%C3%A1ceres","Embalse de Plasencia","https://es.wikipedia.org/wiki/Embalse_de_Plasencia"
"Embalses de la provincia de Cáceres","https://es.wikipedia.org/wiki/Categor%C3%ADa:Embalses_de_la_provincia_de_C%C3%A1ceres","Presa de Cedillo","https://es.wikipedia.org/wiki/Presa_de_Cedillo"
"Embalses de la provincia de Cáceres","https://es.wikipedia.org/wiki/Categor%C3%ADa:Embalses_de_la_provincia_de_C%C3%A1ceres","Embalse de Santa Lucía","https://es.wikipedia.org/wiki/Embalse_de_Santa_Luc%C3%ADa"
"Embalses de la provincia de Cáceres","https://es.wikipedia.org/wiki/Categor%C3%ADa:Embalses_de_la_provincia_de_C%C3%A1ceres","Embalse de Talaván","https://es.wikipedia.org/wiki/Embalse_de_Talav%C3%A1n"
"Embalses de la provincia de Cáceres","https://es.wikipedia.org/wiki/Categor%C3%ADa:Embalses_de_la_provincia_de_C%C3%A1ceres","Embalse de Valdecañas","https://es.wikipedia.org/wiki/Embalse_de_Valdeca%C3%B1as"
"Embalses de la provincia de Cáceres","https://es.wikipedia.org/wiki/Categor%C3%ADa:Embalses_de_la_provincia_de_C%C3%A1ceres","Embalse de Guijo de Granadilla","https://es.wikipedia.org/wiki/Embalse_de_Guijo_de_Granadilla"
"Embalses de la provincia de Cáceres","https://es.wikipedia.org/wiki/Categor%C3%ADa:Embalses_de_la_provincia_de_C%C3%A1ceres","Embalse de Valdeobispo","https://es.wikipedia.org/wiki/Embalse_de_Valdeobispo"
"Embalses de la provincia de Cáceres","https://es.wikipedia.org/wiki/Categor%C3%ADa:Embalses_de_la_provincia_de_C%C3%A1ceres","Embalse de Valdesalor","https://es.wikipedia.org/wiki/Embalse_de_Valdesalor"
"Embalses de la provincia de Cádiz","https://es.wikipedia.org/wiki/Categor%C3%ADa:Embalses_de_la_provincia_de_C%C3%A1diz","Pantano del Guadalacacín II","https://es.wikipedia.org/wiki/Categor%C3%ADa:Pantano_del_Guadalacac%C3%ADn_II"
"Embalses de la provincia de Cádiz","https://es.wikipedia.org/wiki/Categor%C3%ADa:Embalses_de_la_provincia_de_C%C3%A1diz","Embalse de Almodóvar","https://es.wikipedia.org/wiki/Embalse_de_Almod%C3%B3var"
"Embalses de la provincia de Cádiz","https://es.wikipedia.org/wiki/Categor%C3%ADa:Embalses_de_la_provincia_de_C%C3%A1diz","Embalse de Arcos","https://es.wikipedia.org/wiki/Embalse_de_Arcos"
"Embalses de la provincia de Cádiz","https://es.wikipedia.org/wiki/Categor%C3%ADa:Embalses_de_la_provincia_de_C%C3%A1diz","Embalse de Barbate","https://es.wikipedia.org/wiki/Embalse_de_Barbate"
"Embalses de la provincia de Cádiz","https://es.wikipedia.org/wiki/Categor%C3%ADa:Embalses_de_la_provincia_de_C%C3%A1diz","Embalse de Bornos","https://es.wikipedia.org/wiki/Embalse_de_Bornos"
"Embalses de la provincia de Cádiz","https://es.wikipedia.org/wiki/Categor%C3%ADa:Embalses_de_la_provincia_de_C%C3%A1diz","Embalse de Celemín","https://es.wikipedia.org/wiki/Embalse_de_Celem%C3%ADn"
"Embalses de la provincia de Cádiz","https://es.wikipedia.org/wiki/Categor%C3%ADa:Embalses_de_la_provincia_de_C%C3%A1diz","Embalse del Charco Redondo","https://es.wikipedia.org/wiki/Embalse_del_Charco_Redondo"
"Embalses de la provincia de Cádiz","https://es.wikipedia.org/wiki/Categor%C3%ADa:Embalses_de_la_provincia_de_C%C3%A1diz","Embalse de Guadalcacín","https://es.wikipedia.org/wiki/Embalse_de_Guadalcac%C3%ADn"
"Embalses de la provincia de Cádiz","https://es.wikipedia.org/wiki/Categor%C3%ADa:Embalses_de_la_provincia_de_C%C3%A1diz","Embalse de Los Hurones","https://es.wikipedia.org/wiki/Embalse_de_Los_Hurones"
"Embalses de la provincia de Cádiz","https://es.wikipedia.org/wiki/Categor%C3%ADa:Embalses_de_la_provincia_de_C%C3%A1diz","Presa de Valdeinfierno (Cádiz)","https://es.wikipedia.org/wiki/Presa_de_Valdeinfierno_(C%C3%A1diz)"
"Embalses de la provincia de Cádiz","https://es.wikipedia.org/wiki/Categor%C3%ADa:Embalses_de_la_provincia_de_C%C3%A1diz","Embalse de Zahara-El Gastor","https://es.wikipedia.org/wiki/Embalse_de_Zahara-El_Gastor"
"Embalses de Cantabria","https://es.wikipedia.org/wiki/Categor%C3%ADa:Embalses_de_Cantabria","Embalses de Cantabria del siglo XX","https://es.wikipedia.org/wiki/Categor%C3%ADa:Embalses_de_Cantabria_del_siglo_XX"
"Embalses de Cantabria","https://es.wikipedia.org/wiki/Categor%C3%ADa:Embalses_de_Cantabria","Anexo:Embalses de Cantabria","https://es.wikipedia.org/wiki/Anexo:Embalses_de_Cantabria"
"Embalses de la provincia de Castellón","https://es.wikipedia.org/wiki/Categor%C3%ADa:Embalses_de_la_provincia_de_Castell%C3%B3n","Embalse de Alcora","https://es.wikipedia.org/wiki/Embalse_de_Alcora"
"Embalses de la provincia de Castellón","https://es.wikipedia.org/wiki/Categor%C3%ADa:Embalses_de_la_provincia_de_Castell%C3%B3n","Embalse de Arenós","https://es.wikipedia.org/wiki/Embalse_de_Aren%C3%B3s"
"Embalses de la provincia de Castellón","https://es.wikipedia.org/wiki/Categor%C3%ADa:Embalses_de_la_provincia_de_Castell%C3%B3n","Embalse de María Cristina","https://es.wikipedia.org/wiki/Embalse_de_Mar%C3%ADa_Cristina"
"Embalses de la provincia de Castellón","https://es.wikipedia.org/wiki/Categor%C3%ADa:Embalses_de_la_provincia_de_Castell%C3%B3n","Embalse de Onda","https://es.wikipedia.org/wiki/Embalse_de_Onda"
"Embalses de la provincia de Castellón","https://es.wikipedia.org/wiki/Categor%C3%ADa:Embalses_de_la_provincia_de_Castell%C3%B3n","Embalse de Ribesalbes","https://es.wikipedia.org/wiki/Embalse_de_Ribesalbes"
"Embalses de la provincia de Castellón","https://es.wikipedia.org/wiki/Categor%C3%ADa:Embalses_de_la_provincia_de_Castell%C3%B3n","Embalse de Sichar","https://es.wikipedia.org/wiki/Embalse_de_Sichar"
"Embalses de la provincia de Castellón","https://es.wikipedia.org/wiki/Categor%C3%ADa:Embalses_de_la_provincia_de_Castell%C3%B3n","Embalse de Ulldecona","https://es.wikipedia.org/wiki/Embalse_de_Ulldecona"
"Embalses de la provincia de Castellón","https://es.wikipedia.org/wiki/Categor%C3%ADa:Embalses_de_la_provincia_de_Castell%C3%B3n","Embalse de Vallat","https://es.wikipedia.org/wiki/Embalse_de_Vallat"
"Embalses de la provincia de Ciudad Real","https://es.wikipedia.org/wiki/Categor%C3%ADa:Embalses_de_la_provincia_de_Ciudad_Real","Embalse de El Vicario","https://es.wikipedia.org/wiki/Embalse_de_El_Vicario"
"Embalses de la provincia de Ciudad Real","https://es.wikipedia.org/wiki/Categor%C3%ADa:Embalses_de_la_provincia_de_Ciudad_Real","Embalse de Peñarroya","https://es.wikipedia.org/wiki/Embalse_de_Pe%C3%B1arroya"
"Embalses de la provincia de Ciudad Real","https://es.wikipedia.org/wiki/Categor%C3%ADa:Embalses_de_la_provincia_de_Ciudad_Real","Embalse de Torre de Abraham","https://es.wikipedia.org/wiki/Embalse_de_Torre_de_Abraham"
"Embalses de la provincia de Córdoba (España)","https://es.wikipedia.org/wiki/Categor%C3%ADa:Embalses_de_la_provincia_de_C%C3%B3rdoba_(Espa%C3%B1a)","Embalse de Bembézar","https://es.wikipedia.org/wiki/Embalse_de_Bemb%C3%A9zar"
"Embalses de la provincia de Córdoba (España)","https://es.wikipedia.org/wiki/Categor%C3%ADa:Embalses_de_la_provincia_de_C%C3%B3rdoba_(Espa%C3%B1a)","Embalse de la Breña","https://es.wikipedia.org/wiki/Embalse_de_la_Bre%C3%B1a"
"Embalses de la provincia de Córdoba (España)","https://es.wikipedia.org/wiki/Categor%C3%ADa:Embalses_de_la_provincia_de_C%C3%B3rdoba_(Espa%C3%B1a)","Embalse de Cordobilla","https://es.wikipedia.org/wiki/Embalse_de_Cordobilla"
"Embalses de la provincia de Córdoba (España)","https://es.wikipedia.org/wiki/Categor%C3%ADa:Embalses_de_la_provincia_de_C%C3%B3rdoba_(Espa%C3%B1a)","Presa El Salto","https://es.wikipedia.org/wiki/Presa_El_Salto"
"Embalses de la provincia de Córdoba (España)","https://es.wikipedia.org/wiki/Categor%C3%ADa:Embalses_de_la_provincia_de_C%C3%B3rdoba_(Espa%C3%B1a)","Embalse de la Encantada (Córdoba)","https://es.wikipedia.org/wiki/Embalse_de_la_Encantada_(C%C3%B3rdoba)"
"Embalses de la provincia de Córdoba (España)","https://es.wikipedia.org/wiki/Categor%C3%ADa:Embalses_de_la_provincia_de_C%C3%B3rdoba_(Espa%C3%B1a)","Embalse del Guadalmellato","https://es.wikipedia.org/wiki/Embalse_del_Guadalmellato"
"Embalses de la provincia de Córdoba (España)","https://es.wikipedia.org/wiki/Categor%C3%ADa:Embalses_de_la_provincia_de_C%C3%B3rdoba_(Espa%C3%B1a)","Embalse de Iznájar","https://es.wikipedia.org/wiki/Embalse_de_Izn%C3%A1jar"
"Embalses de la provincia de Córdoba (España)","https://es.wikipedia.org/wiki/Categor%C3%ADa:Embalses_de_la_provincia_de_C%C3%B3rdoba_(Espa%C3%B1a)","Embalse de la Colada","https://es.wikipedia.org/wiki/Embalse_de_la_Colada"
"Embalses de la provincia de Córdoba (España)","https://es.wikipedia.org/wiki/Categor%C3%ADa:Embalses_de_la_provincia_de_C%C3%B3rdoba_(Espa%C3%B1a)","Embalse de Malpasillo","https://es.wikipedia.org/wiki/Embalse_de_Malpasillo"
"Embalses de la provincia de Córdoba (España)","https://es.wikipedia.org/wiki/Categor%C3%ADa:Embalses_de_la_provincia_de_C%C3%B3rdoba_(Espa%C3%B1a)","Embalse de Puente Nuevo","https://es.wikipedia.org/wiki/Embalse_de_Puente_Nuevo"
"Embalses de la provincia de Córdoba (España)","https://es.wikipedia.org/wiki/Categor%C3%ADa:Embalses_de_la_provincia_de_C%C3%B3rdoba_(Espa%C3%B1a)","Embalse de San Rafael de Navallana","https://es.wikipedia.org/wiki/Embalse_de_San_Rafael_de_Navallana"
"Embalses de la provincia de Córdoba (España)","https://es.wikipedia.org/wiki/Categor%C3%ADa:Embalses_de_la_provincia_de_C%C3%B3rdoba_(Espa%C3%B1a)","Embalse de Sierra Boyera","https://es.wikipedia.org/wiki/Embalse_de_Sierra_Boyera"
"Embalses de la provincia de Córdoba (España)","https://es.wikipedia.org/wiki/Categor%C3%ADa:Embalses_de_la_provincia_de_C%C3%B3rdoba_(Espa%C3%B1a)","Embalse de Vadomojón","https://es.wikipedia.org/wiki/Embalse_de_Vadomoj%C3%B3n"
"Embalses de la provincia de Córdoba (España)","https://es.wikipedia.org/wiki/Categor%C3%ADa:Embalses_de_la_provincia_de_C%C3%B3rdoba_(Espa%C3%B1a)","Embalse del Yeguas","https://es.wikipedia.org/wiki/Embalse_del_Yeguas"
"Embalses de la provincia de Cuenca","https://es.wikipedia.org/wiki/Categor%C3%ADa:Embalses_de_la_provincia_de_Cuenca","Pantano de Alarcón","https://es.wikipedia.org/wiki/Pantano_de_Alarc%C3%B3n"
"Embalses de la provincia de Cuenca","https://es.wikipedia.org/wiki/Categor%C3%ADa:Embalses_de_la_provincia_de_Cuenca","Embalse de Bolarque","https://es.wikipedia.org/wiki/Embalse_de_Bolarque"
"Embalses de la provincia de Cuenca","https://es.wikipedia.org/wiki/Categor%C3%ADa:Embalses_de_la_provincia_de_Cuenca","Embalse de Buendía","https://es.wikipedia.org/wiki/Embalse_de_Buend%C3%ADa"
"Embalses de la provincia de Cuenca","https://es.wikipedia.org/wiki/Categor%C3%ADa:Embalses_de_la_provincia_de_Cuenca","Embalse de Contreras","https://es.wikipedia.org/wiki/Embalse_de_Contreras"
"Embalses de la provincia de Cuenca","https://es.wikipedia.org/wiki/Categor%C3%ADa:Embalses_de_la_provincia_de_Cuenca","Embalse de Estremera","https://es.wikipedia.org/wiki/Embalse_de_Estremera"
"Embalses de la provincia de Cuenca","https://es.wikipedia.org/wiki/Categor%C3%ADa:Embalses_de_la_provincia_de_Cuenca","Mar de Castilla","https://es.wikipedia.org/wiki/Mar_de_Castilla"
"Embalses de la provincia de Gerona","https://es.wikipedia.org/wiki/Categor%C3%ADa:Embalses_de_la_provincia_de_Gerona","Embalse de Cal Gat","https://es.wikipedia.org/wiki/Embalse_de_Cal_Gat"
"Embalses de la provincia de Gerona","https://es.wikipedia.org/wiki/Categor%C3%ADa:Embalses_de_la_provincia_de_Gerona","Embalse de Darnius Boadella","https://es.wikipedia.org/wiki/Embalse_de_Darnius_Boadella"
"Embalses de la provincia de Gerona","https://es.wikipedia.org/wiki/Categor%C3%ADa:Embalses_de_la_provincia_de_Gerona","Lago de Nuria","https://es.wikipedia.org/wiki/Lago_de_Nuria"
"Embalses de la provincia de Gerona","https://es.wikipedia.org/wiki/Categor%C3%ADa:Embalses_de_la_provincia_de_Gerona","Lago de Puigcerdá","https://es.wikipedia.org/wiki/Lago_de_Puigcerd%C3%A1"
"Embalses de la provincia de Gerona","https://es.wikipedia.org/wiki/Categor%C3%ADa:Embalses_de_la_provincia_de_Gerona","Embalse de Mas Rabassers de Baix","https://es.wikipedia.org/wiki/Embalse_de_Mas_Rabassers_de_Baix"
"Embalses de la provincia de Gerona","https://es.wikipedia.org/wiki/Categor%C3%ADa:Embalses_de_la_provincia_de_Gerona","Embalse del Pasteral","https://es.wikipedia.org/wiki/Embalse_del_Pasteral"
"Embalses de la provincia de Gerona","https://es.wikipedia.org/wiki/Categor%C3%ADa:Embalses_de_la_provincia_de_Gerona","Embalse de Portbou","https://es.wikipedia.org/wiki/Embalse_de_Portbou"
"Embalses de la provincia de Gerona","https://es.wikipedia.org/wiki/Categor%C3%ADa:Embalses_de_la_provincia_de_Gerona","Embalse de Susqueda","https://es.wikipedia.org/wiki/Embalse_de_Susqueda"
"Embalses de la provincia de Granada","https://es.wikipedia.org/wiki/Categor%C3%ADa:Embalses_de_la_provincia_de_Granada","Embalse de los Bermejales","https://es.wikipedia.org/wiki/Embalse_de_los_Bermejales"
"Embalses de la provincia de Granada","https://es.wikipedia.org/wiki/Categor%C3%ADa:Embalses_de_la_provincia_de_Granada","Embalse de Béznar","https://es.wikipedia.org/wiki/Embalse_de_B%C3%A9znar"
"Embalses de la provincia de Granada","https://es.wikipedia.org/wiki/Categor%C3%ADa:Embalses_de_la_provincia_de_Granada","Embalse de Canales","https://es.wikipedia.org/wiki/Embalse_de_Canales"
"Embalses de la provincia de Granada","https://es.wikipedia.org/wiki/Categor%C3%ADa:Embalses_de_la_provincia_de_Granada","Embalse de Colomera","https://es.wikipedia.org/wiki/Embalse_de_Colomera"
"Embalses de la provincia de Granada","https://es.wikipedia.org/wiki/Categor%C3%ADa:Embalses_de_la_provincia_de_Granada","Embalse del Cubillas","https://es.wikipedia.org/wiki/Embalse_del_Cubillas"
"Embalses de la provincia de Granada","https://es.wikipedia.org/wiki/Categor%C3%ADa:Embalses_de_la_provincia_de_Granada","Embalse de Francisco Abellán","https://es.wikipedia.org/wiki/Embalse_de_Francisco_Abell%C3%A1n"
"Embalses de la provincia de Granada","https://es.wikipedia.org/wiki/Categor%C3%ADa:Embalses_de_la_provincia_de_Granada","Embalse de Iznájar","https://es.wikipedia.org/wiki/Embalse_de_Izn%C3%A1jar"
"Embalses de la provincia de Granada","https://es.wikipedia.org/wiki/Categor%C3%ADa:Embalses_de_la_provincia_de_Granada","Embalse del Negratín","https://es.wikipedia.org/wiki/Embalse_del_Negrat%C3%ADn"
"Embalses de la provincia de Granada","https://es.wikipedia.org/wiki/Categor%C3%ADa:Embalses_de_la_provincia_de_Granada","Embalse de El Portillo","https://es.wikipedia.org/wiki/Embalse_de_El_Portillo"
"Embalses de la provincia de Granada","https://es.wikipedia.org/wiki/Categor%C3%ADa:Embalses_de_la_provincia_de_Granada","Embalse de Quéntar","https://es.wikipedia.org/wiki/Embalse_de_Qu%C3%A9ntar"
"Embalses de la provincia de Granada","https://es.wikipedia.org/wiki/Categor%C3%ADa:Embalses_de_la_provincia_de_Granada","Embalse de Rules","https://es.wikipedia.org/wiki/Embalse_de_Rules"
"Embalses de la provincia de Granada","https://es.wikipedia.org/wiki/Categor%C3%ADa:Embalses_de_la_provincia_de_Granada","Embalse de San Clemente","https://es.wikipedia.org/wiki/Embalse_de_San_Clemente"
"Embalses de la provincia de Guadalajara","https://es.wikipedia.org/wiki/Categor%C3%ADa:Embalses_de_la_provincia_de_Guadalajara","Embalse de Alcorlo","https://es.wikipedia.org/wiki/Embalse_de_Alcorlo"
"Embalses de la provincia de Guadalajara","https://es.wikipedia.org/wiki/Categor%C3%ADa:Embalses_de_la_provincia_de_Guadalajara","Embalse de Almoguera","https://es.wikipedia.org/wiki/Embalse_de_Almoguera"
"Embalses de la provincia de Guadalajara","https://es.wikipedia.org/wiki/Categor%C3%ADa:Embalses_de_la_provincia_de_Guadalajara","Azud de Pareja","https://es.wikipedia.org/wiki/Azud_de_Pareja"
"Embalses de la provincia de Guadalajara","https://es.wikipedia.org/wiki/Categor%C3%ADa:Embalses_de_la_provincia_de_Guadalajara","Azud Pozo de los Ramos","https://es.wikipedia.org/wiki/Azud_Pozo_de_los_Ramos"
"Embalses de la provincia de Guadalajara","https://es.wikipedia.org/wiki/Categor%C3%ADa:Embalses_de_la_provincia_de_Guadalajara","Embalse de Beleña","https://es.wikipedia.org/wiki/Embalse_de_Bele%C3%B1a"
"Embalses de la provincia de Guadalajara","https://es.wikipedia.org/wiki/Categor%C3%ADa:Embalses_de_la_provincia_de_Guadalajara","Embalse de Bolarque","https://es.wikipedia.org/wiki/Embalse_de_Bolarque"
"Embalses de la provincia de Guadalajara","https://es.wikipedia.org/wiki/Categor%C3%ADa:Embalses_de_la_provincia_de_Guadalajara","Embalse de Buendía","https://es.wikipedia.org/wiki/Embalse_de_Buend%C3%ADa"
"Embalses de la provincia de Guadalajara","https://es.wikipedia.org/wiki/Categor%C3%ADa:Embalses_de_la_provincia_de_Guadalajara","Embalse de El Atance","https://es.wikipedia.org/wiki/Embalse_de_El_Atance"
"Embalses de la provincia de Guadalajara","https://es.wikipedia.org/wiki/Categor%C3%ADa:Embalses_de_la_provincia_de_Guadalajara","Embalse de El Vado","https://es.wikipedia.org/wiki/Embalse_de_El_Vado"
"Embalses de la provincia de Guadalajara","https://es.wikipedia.org/wiki/Categor%C3%ADa:Embalses_de_la_provincia_de_Guadalajara","Embalse de Entrepeñas","https://es.wikipedia.org/wiki/Embalse_de_Entrepe%C3%B1as"
"Embalses de la provincia de Guadalajara","https://es.wikipedia.org/wiki/Categor%C3%ADa:Embalses_de_la_provincia_de_Guadalajara","Embalse de Estremera","https://es.wikipedia.org/wiki/Embalse_de_Estremera"
"Embalses de la provincia de Guadalajara","https://es.wikipedia.org/wiki/Categor%C3%ADa:Embalses_de_la_provincia_de_Guadalajara","Embalse de La Chorrera","https://es.wikipedia.org/wiki/Embalse_de_La_Chorrera"
"Embalses de la provincia de Guadalajara","https://es.wikipedia.org/wiki/Categor%C3%ADa:Embalses_de_la_provincia_de_Guadalajara","Embalse de La Tajera","https://es.wikipedia.org/wiki/Embalse_de_La_Tajera"
"Embalses de la provincia de Guadalajara","https://es.wikipedia.org/wiki/Categor%C3%ADa:Embalses_de_la_provincia_de_Guadalajara","Mar de Castilla","https://es.wikipedia.org/wiki/Mar_de_Castilla"
"Embalses de la provincia de Guadalajara","https://es.wikipedia.org/wiki/Categor%C3%ADa:Embalses_de_la_provincia_de_Guadalajara","Embalse de Pálmaces","https://es.wikipedia.org/wiki/Embalse_de_P%C3%A1lmaces"
"Embalses de la provincia de Guadalajara","https://es.wikipedia.org/wiki/Categor%C3%ADa:Embalses_de_la_provincia_de_Guadalajara","Pontón de la Oliva","https://es.wikipedia.org/wiki/Pont%C3%B3n_de_la_Oliva"
"Embalses de la provincia de Guadalajara","https://es.wikipedia.org/wiki/Categor%C3%ADa:Embalses_de_la_provincia_de_Guadalajara","Embalse de Zorita","https://es.wikipedia.org/wiki/Embalse_de_Zorita"
"Embalses de Guipúzcoa","https://es.wikipedia.org/wiki/Categor%C3%ADa:Embalses_de_Guip%C3%BAzcoa","Presa de Aixola","https://es.wikipedia.org/wiki/Presa_de_Aixola"
"Embalses de la provincia de Huelva","https://es.wikipedia.org/wiki/Categor%C3%ADa:Embalses_de_la_provincia_de_Huelva","Embalse de Aracena","https://es.wikipedia.org/wiki/Embalse_de_Aracena"
"Embalses de la provincia de Huelva","https://es.wikipedia.org/wiki/Categor%C3%ADa:Embalses_de_la_provincia_de_Huelva","Embalse del Calabazar","https://es.wikipedia.org/wiki/Embalse_del_Calabazar"
"Embalses de la provincia de Huelva","https://es.wikipedia.org/wiki/Categor%C3%ADa:Embalses_de_la_provincia_de_Huelva","Embalse de Campofrío","https://es.wikipedia.org/wiki/Embalse_de_Campofr%C3%ADo"
"Embalses de la provincia de Huelva","https://es.wikipedia.org/wiki/Categor%C3%ADa:Embalses_de_la_provincia_de_Huelva","Embalse del Chanza","https://es.wikipedia.org/wiki/Embalse_del_Chanza"
"Embalses de la provincia de Huelva","https://es.wikipedia.org/wiki/Categor%C3%ADa:Embalses_de_la_provincia_de_Huelva","Embalse del Corumbel Bajo","https://es.wikipedia.org/wiki/Embalse_del_Corumbel_Bajo"
"Embalses de la provincia de Huelva","https://es.wikipedia.org/wiki/Categor%C3%ADa:Embalses_de_la_provincia_de_Huelva","Embalse del Sancho","https://es.wikipedia.org/wiki/Embalse_del_Sancho"
"Embalses de la provincia de Huelva","https://es.wikipedia.org/wiki/Categor%C3%ADa:Embalses_de_la_provincia_de_Huelva","Embalse del Jarrama","https://es.wikipedia.org/wiki/Embalse_del_Jarrama"
"Embalses de la provincia de Huelva","https://es.wikipedia.org/wiki/Categor%C3%ADa:Embalses_de_la_provincia_de_Huelva","Embalse de Lagunazo","https://es.wikipedia.org/wiki/Embalse_de_Lagunazo"
"Embalses de la provincia de Huelva","https://es.wikipedia.org/wiki/Categor%C3%ADa:Embalses_de_la_provincia_de_Huelva","Embalse de los Machos","https://es.wikipedia.org/wiki/Embalse_de_los_Machos"
"Embalses de la provincia de Huelva","https://es.wikipedia.org/wiki/Categor%C3%ADa:Embalses_de_la_provincia_de_Huelva","Embalse de Marismilla","https://es.wikipedia.org/wiki/Embalse_de_Marismilla"
"Embalses de la provincia de Huelva","https://es.wikipedia.org/wiki/Categor%C3%ADa:Embalses_de_la_provincia_de_Huelva","Embalse del Piedras","https://es.wikipedia.org/wiki/Embalse_del_Piedras"
"Embalses de la provincia de Huelva","https://es.wikipedia.org/wiki/Categor%C3%ADa:Embalses_de_la_provincia_de_Huelva","Embalse Pino","https://es.wikipedia.org/wiki/Embalse_Pino"
"Embalses de la provincia de Huelva","https://es.wikipedia.org/wiki/Categor%C3%ADa:Embalses_de_la_provincia_de_Huelva","Presa de Gossan","https://es.wikipedia.org/wiki/Presa_de_Gossan"
"Embalses de la provincia de Huelva","https://es.wikipedia.org/wiki/Categor%C3%ADa:Embalses_de_la_provincia_de_Huelva","Embalse de Puerto León","https://es.wikipedia.org/wiki/Embalse_de_Puerto_Le%C3%B3n"
"Embalses de la provincia de Huelva","https://es.wikipedia.org/wiki/Categor%C3%ADa:Embalses_de_la_provincia_de_Huelva","Dique Sur (Minas de Riotinto)","https://es.wikipedia.org/wiki/Dique_Sur_(Minas_de_Riotinto)"
"Embalses de la provincia de Huelva","https://es.wikipedia.org/wiki/Categor%C3%ADa:Embalses_de_la_provincia_de_Huelva","Embalse Grande (Tharsis)","https://es.wikipedia.org/wiki/Embalse_Grande_(Tharsis)"
"Embalses de la provincia de Huelva","https://es.wikipedia.org/wiki/Categor%C3%ADa:Embalses_de_la_provincia_de_Huelva","Embalse de Tumbanales I","https://es.wikipedia.org/wiki/Embalse_de_Tumbanales_I"
"Embalses de la provincia de Huelva","https://es.wikipedia.org/wiki/Categor%C3%ADa:Embalses_de_la_provincia_de_Huelva","Embalse de Zufre","https://es.wikipedia.org/wiki/Embalse_de_Zufre"
"Embalses de la provincia de Huelva","https://es.wikipedia.org/wiki/Categor%C3%ADa:Embalses_de_la_provincia_de_Huelva","Embalse de Zumajo","https://es.wikipedia.org/wiki/Embalse_de_Zumajo"
"Embalses de la provincia de Huesca","https://es.wikipedia.org/wiki/Categor%C3%ADa:Embalses_de_la_provincia_de_Huesca","Embalse de Almudévar","https://es.wikipedia.org/wiki/Embalse_de_Almud%C3%A9var"
"Embalses de la provincia de Huesca","https://es.wikipedia.org/wiki/Categor%C3%ADa:Embalses_de_la_provincia_de_Huesca","Embalse de Arguis","https://es.wikipedia.org/wiki/Embalse_de_Arguis"
"Embalses de la provincia de Huesca","https://es.wikipedia.org/wiki/Categor%C3%ADa:Embalses_de_la_provincia_de_Huesca","Embalse de Baserca","https://es.wikipedia.org/wiki/Embalse_de_Baserca"
"Embalses de la provincia de Huesca","https://es.wikipedia.org/wiki/Categor%C3%ADa:Embalses_de_la_provincia_de_Huesca","Embalse de Búbal","https://es.wikipedia.org/wiki/Embalse_de_B%C3%BAbal"
"Embalses de la provincia de Huesca","https://es.wikipedia.org/wiki/Categor%C3%ADa:Embalses_de_la_provincia_de_Huesca","Embalse de Canelles","https://es.wikipedia.org/wiki/Embalse_de_Canelles"
"Embalses de la provincia de Huesca","https://es.wikipedia.org/wiki/Categor%C3%ADa:Embalses_de_la_provincia_de_Huesca","Embalse de Cienfuens","https://es.wikipedia.org/wiki/Embalse_de_Cienfuens"
"Embalses de la provincia de Huesca","https://es.wikipedia.org/wiki/Categor%C3%ADa:Embalses_de_la_provincia_de_Huesca","Embalse de El Grado","https://es.wikipedia.org/wiki/Embalse_de_El_Grado"
"Embalses de la provincia de Huesca","https://es.wikipedia.org/wiki/Categor%C3%ADa:Embalses_de_la_provincia_de_Huesca","Embalse de Escales","https://es.wikipedia.org/wiki/Embalse_de_Escales"
"Embalses de la provincia de Huesca","https://es.wikipedia.org/wiki/Categor%C3%ADa:Embalses_de_la_provincia_de_Huesca","Embalse de Escarra","https://es.wikipedia.org/wiki/Embalse_de_Escarra"
"Embalses de la provincia de Huesca","https://es.wikipedia.org/wiki/Categor%C3%ADa:Embalses_de_la_provincia_de_Huesca","Embalse de Jánovas","https://es.wikipedia.org/wiki/Embalse_de_J%C3%A1novas"
"Embalses de la provincia de Huesca","https://es.wikipedia.org/wiki/Categor%C3%ADa:Embalses_de_la_provincia_de_Huesca","Embalse de Joaquín Costa","https://es.wikipedia.org/wiki/Embalse_de_Joaqu%C3%ADn_Costa"
"Embalses de la provincia de Huesca","https://es.wikipedia.org/wiki/Categor%C3%ADa:Embalses_de_la_provincia_de_Huesca","Embalse de La Peña","https://es.wikipedia.org/wiki/Embalse_de_La_Pe%C3%B1a"
"Embalses de la provincia de Huesca","https://es.wikipedia.org/wiki/Categor%C3%ADa:Embalses_de_la_provincia_de_Huesca","Embalse de La Sarra","https://es.wikipedia.org/wiki/Embalse_de_La_Sarra"
"Embalses de la provincia de Huesca","https://es.wikipedia.org/wiki/Categor%C3%ADa:Embalses_de_la_provincia_de_Huesca","Embalse de La Sotonera","https://es.wikipedia.org/wiki/Embalse_de_La_Sotonera"
"Embalses de la provincia de Huesca","https://es.wikipedia.org/wiki/Categor%C3%ADa:Embalses_de_la_provincia_de_Huesca","Embalse de Lanuza","https://es.wikipedia.org/wiki/Embalse_de_Lanuza"
"Embalses de la provincia de Huesca","https://es.wikipedia.org/wiki/Categor%C3%ADa:Embalses_de_la_provincia_de_Huesca","Embalse de Llauset","https://es.wikipedia.org/wiki/Embalse_de_Llauset"
"Embalses de la provincia de Huesca","https://es.wikipedia.org/wiki/Categor%C3%ADa:Embalses_de_la_provincia_de_Huesca","Embalse de Mediano","https://es.wikipedia.org/wiki/Embalse_de_Mediano"
"Embalses de la provincia de Huesca","https://es.wikipedia.org/wiki/Categor%C3%ADa:Embalses_de_la_provincia_de_Huesca","Embalse de Montearagón","https://es.wikipedia.org/wiki/Embalse_de_Montearag%C3%B3n"
"Embalses de la provincia de Huesca","https://es.wikipedia.org/wiki/Categor%C3%ADa:Embalses_de_la_provincia_de_Huesca","Embalse de Paso Nuevo","https://es.wikipedia.org/wiki/Embalse_de_Paso_Nuevo"
"Embalses de la provincia de Huesca","https://es.wikipedia.org/wiki/Categor%C3%ADa:Embalses_de_la_provincia_de_Huesca","Respomuso","https://es.wikipedia.org/wiki/Respomuso"
"Embalses de la provincia de Huesca","https://es.wikipedia.org/wiki/Categor%C3%ADa:Embalses_de_la_provincia_de_Huesca","Embalse de Santa Ana","https://es.wikipedia.org/wiki/Embalse_de_Santa_Ana"
"Embalses de la provincia de Huesca","https://es.wikipedia.org/wiki/Categor%C3%ADa:Embalses_de_la_provincia_de_Huesca","Embalse de Santa María de Belsué","https://es.wikipedia.org/wiki/Embalse_de_Santa_Mar%C3%ADa_de_Belsu%C3%A9"
"Embalses de la provincia de Huesca","https://es.wikipedia.org/wiki/Categor%C3%ADa:Embalses_de_la_provincia_de_Huesca","Embalse de Vadiello","https://es.wikipedia.org/wiki/Embalse_de_Vadiello"
"Embalses de la provincia de Jaén","https://es.wikipedia.org/wiki/Categor%C3%ADa:Embalses_de_la_provincia_de_Ja%C3%A9n","Embalse del Aguascebas","https://es.wikipedia.org/wiki/Embalse_del_Aguascebas"
"Embalses de la provincia de Jaén","https://es.wikipedia.org/wiki/Categor%C3%ADa:Embalses_de_la_provincia_de_Ja%C3%A9n","Embalse de Anchuricas","https://es.wikipedia.org/wiki/Embalse_de_Anchuricas"
"Embalses de la provincia de Jaén","https://es.wikipedia.org/wiki/Categor%C3%ADa:Embalses_de_la_provincia_de_Ja%C3%A9n","Embalse del Centenillo","https://es.wikipedia.org/wiki/Embalse_del_Centenillo"
"Embalses de la provincia de Jaén","https://es.wikipedia.org/wiki/Categor%C3%ADa:Embalses_de_la_provincia_de_Ja%C3%A9n","Embalse del Dañador","https://es.wikipedia.org/wiki/Embalse_del_Da%C3%B1ador"
"Embalses de la provincia de Jaén","https://es.wikipedia.org/wiki/Categor%C3%ADa:Embalses_de_la_provincia_de_Ja%C3%A9n","Embalse del Encinarejo","https://es.wikipedia.org/wiki/Embalse_del_Encinarejo"
"Embalses de la provincia de Jaén","https://es.wikipedia.org/wiki/Categor%C3%ADa:Embalses_de_la_provincia_de_Ja%C3%A9n","Embalse de La Fernandina","https://es.wikipedia.org/wiki/Embalse_de_La_Fernandina"
"Embalses de la provincia de Jaén","https://es.wikipedia.org/wiki/Categor%C3%ADa:Embalses_de_la_provincia_de_Ja%C3%A9n","Embalse de Giribaile","https://es.wikipedia.org/wiki/Embalse_de_Giribaile"
"Embalses de la provincia de Jaén","https://es.wikipedia.org/wiki/Categor%C3%ADa:Embalses_de_la_provincia_de_Ja%C3%A9n","Embalse del Guadalén","https://es.wikipedia.org/wiki/Embalse_del_Guadal%C3%A9n"
"Embalses de la provincia de Jaén","https://es.wikipedia.org/wiki/Categor%C3%ADa:Embalses_de_la_provincia_de_Ja%C3%A9n","Embalse del Guadalmena","https://es.wikipedia.org/wiki/Embalse_del_Guadalmena"
"Embalses de la provincia de Jaén","https://es.wikipedia.org/wiki/Categor%C3%ADa:Embalses_de_la_provincia_de_Ja%C3%A9n","Embalse del Jándula","https://es.wikipedia.org/wiki/Embalse_del_J%C3%A1ndula"
"Embalses de la provincia de Jaén","https://es.wikipedia.org/wiki/Categor%C3%ADa:Embalses_de_la_provincia_de_Ja%C3%A9n","Embalse de La Bolera","https://es.wikipedia.org/wiki/Embalse_de_La_Bolera"
"Embalses de la provincia de Jaén","https://es.wikipedia.org/wiki/Categor%C3%ADa:Embalses_de_la_provincia_de_Ja%C3%A9n","Presa de Mengíbar","https://es.wikipedia.org/wiki/Presa_de_Meng%C3%ADbar"
"Embalses de la provincia de Jaén","https://es.wikipedia.org/wiki/Categor%C3%ADa:Embalses_de_la_provincia_de_Ja%C3%A9n","Embalse de la Novia","https://es.wikipedia.org/wiki/Embalse_de_la_Novia"
"Embalses de la provincia de Jaén","https://es.wikipedia.org/wiki/Categor%C3%ADa:Embalses_de_la_provincia_de_Ja%C3%A9n","Embalse del Quiebrajano","https://es.wikipedia.org/wiki/Embalse_del_Quiebrajano"
"Embalses de la provincia de Jaén","https://es.wikipedia.org/wiki/Categor%C3%ADa:Embalses_de_la_provincia_de_Ja%C3%A9n","Embalse del Rumblar","https://es.wikipedia.org/wiki/Embalse_del_Rumblar"
"Embalses de la provincia de Jaén","https://es.wikipedia.org/wiki/Categor%C3%ADa:Embalses_de_la_provincia_de_Ja%C3%A9n","Embalse de Siles","https://es.wikipedia.org/wiki/Embalse_de_Siles"
"Embalses de la provincia de Jaén","https://es.wikipedia.org/wiki/Categor%C3%ADa:Embalses_de_la_provincia_de_Ja%C3%A9n","Embalse del Tranco","https://es.wikipedia.org/wiki/Embalse_del_Tranco"
"Embalses de la provincia de Jaén","https://es.wikipedia.org/wiki/Categor%C3%ADa:Embalses_de_la_provincia_de_Ja%C3%A9n","Embalse de Vadomojón","https://es.wikipedia.org/wiki/Embalse_de_Vadomoj%C3%B3n"
"Embalses de la provincia de Jaén","https://es.wikipedia.org/wiki/Categor%C3%ADa:Embalses_de_la_provincia_de_Ja%C3%A9n","Embalse del Víboras","https://es.wikipedia.org/wiki/Embalse_del_V%C3%ADboras"
"Embalses de la provincia de Jaén","https://es.wikipedia.org/wiki/Categor%C3%ADa:Embalses_de_la_provincia_de_Ja%C3%A9n","Embalse del Yeguas","https://es.wikipedia.org/wiki/Embalse_del_Yeguas"
"Embalses de la provincia de La Coruña","https://es.wikipedia.org/wiki/Categor%C3%ADa:Embalses_de_la_provincia_de_La_Coru%C3%B1a","Embalse de Abegondo-Cecebre","https://es.wikipedia.org/wiki/Embalse_de_Abegondo-Cecebre"
"Embalses de la provincia de La Coruña","https://es.wikipedia.org/wiki/Categor%C3%ADa:Embalses_de_la_provincia_de_La_Coru%C3%B1a","Embalse de Fervensa","https://es.wikipedia.org/wiki/Embalse_de_Fervensa"
"Embalses de la provincia de La Coruña","https://es.wikipedia.org/wiki/Categor%C3%ADa:Embalses_de_la_provincia_de_La_Coru%C3%B1a","Embalse del Eume","https://es.wikipedia.org/wiki/Embalse_del_Eume"
"Embalses de la provincia de La Coruña","https://es.wikipedia.org/wiki/Categor%C3%ADa:Embalses_de_la_provincia_de_La_Coru%C3%B1a","Embalse de Portodemouros","https://es.wikipedia.org/wiki/Embalse_de_Portodemouros"
"Embalses de La Rioja (España)","https://es.wikipedia.org/wiki/Categor%C3%ADa:Embalses_de_La_Rioja_(Espa%C3%B1a)","Embalse de Ezcaray","https://es.wikipedia.org/wiki/Embalse_de_Ezcaray"
"Embalses de La Rioja (España)","https://es.wikipedia.org/wiki/Categor%C3%ADa:Embalses_de_La_Rioja_(Espa%C3%B1a)","Presa de Enciso","https://es.wikipedia.org/wiki/Presa_de_Enciso"
"Embalses de La Rioja (España)","https://es.wikipedia.org/wiki/Categor%C3%ADa:Embalses_de_La_Rioja_(Espa%C3%B1a)","Embalse González-Lacasa","https://es.wikipedia.org/wiki/Embalse_Gonz%C3%A1lez-Lacasa"
"Embalses de La Rioja (España)","https://es.wikipedia.org/wiki/Categor%C3%ADa:Embalses_de_La_Rioja_(Espa%C3%B1a)","Embalse de La Grajera","https://es.wikipedia.org/wiki/Embalse_de_La_Grajera"
"Embalses de La Rioja (España)","https://es.wikipedia.org/wiki/Categor%C3%ADa:Embalses_de_La_Rioja_(Espa%C3%B1a)","Embalse de Leiva","https://es.wikipedia.org/wiki/Embalse_de_Leiva"
"Embalses de La Rioja (España)","https://es.wikipedia.org/wiki/Categor%C3%ADa:Embalses_de_La_Rioja_(Espa%C3%B1a)","Embalse de Mansilla","https://es.wikipedia.org/wiki/Embalse_de_Mansilla"
"Embalses de La Rioja (España)","https://es.wikipedia.org/wiki/Categor%C3%ADa:Embalses_de_La_Rioja_(Espa%C3%B1a)","Embalse de Pajares","https://es.wikipedia.org/wiki/Embalse_de_Pajares"
"Embalses de la provincia de León","https://es.wikipedia.org/wiki/Categor%C3%ADa:Embalses_de_la_provincia_de_Le%C3%B3n","Anexo:Embalses de la provincia de León","https://es.wikipedia.org/wiki/Anexo:Embalses_de_la_provincia_de_Le%C3%B3n"
"Embalses de la provincia de León","https://es.wikipedia.org/wiki/Categor%C3%ADa:Embalses_de_la_provincia_de_Le%C3%B3n","Embalse de Bárcena","https://es.wikipedia.org/wiki/Embalse_de_B%C3%A1rcena"
"Embalses de la provincia de León","https://es.wikipedia.org/wiki/Categor%C3%ADa:Embalses_de_la_provincia_de_Le%C3%B3n","Embalse de Barrios de Luna","https://es.wikipedia.org/wiki/Embalse_de_Barrios_de_Luna"
"Embalses de la provincia de León","https://es.wikipedia.org/wiki/Categor%C3%ADa:Embalses_de_la_provincia_de_Le%C3%B3n","Embalse de Campañana","https://es.wikipedia.org/wiki/Embalse_de_Campa%C3%B1ana"
"Embalses de la provincia de León","https://es.wikipedia.org/wiki/Categor%C3%ADa:Embalses_de_la_provincia_de_Le%C3%B3n","Embalse de Casares","https://es.wikipedia.org/wiki/Embalse_de_Casares"
"Embalses de la provincia de León","https://es.wikipedia.org/wiki/Categor%C3%ADa:Embalses_de_la_provincia_de_Le%C3%B3n","Embalse de Matalavilla","https://es.wikipedia.org/wiki/Embalse_de_Matalavilla"
"Embalses de la provincia de León","https://es.wikipedia.org/wiki/Categor%C3%ADa:Embalses_de_la_provincia_de_Le%C3%B3n","Embalse de Peñarrubia","https://es.wikipedia.org/wiki/Embalse_de_Pe%C3%B1arrubia"
"Embalses de la provincia de León","https://es.wikipedia.org/wiki/Categor%C3%ADa:Embalses_de_la_provincia_de_Le%C3%B3n","Embalse del Porma","https://es.wikipedia.org/wiki/Embalse_del_Porma"
"Embalses de la provincia de León","https://es.wikipedia.org/wiki/Categor%C3%ADa:Embalses_de_la_provincia_de_Le%C3%B3n","Embalse de Riaño","https://es.wikipedia.org/wiki/Embalse_de_Ria%C3%B1o"
"Embalses de la provincia de León","https://es.wikipedia.org/wiki/Categor%C3%ADa:Embalses_de_la_provincia_de_Le%C3%B3n","Embalse de Villagatón","https://es.wikipedia.org/wiki/Embalse_de_Villagat%C3%B3n"
"Embalses de la provincia de León","https://es.wikipedia.org/wiki/Categor%C3%ADa:Embalses_de_la_provincia_de_Le%C3%B3n","Embalse de Villameca","https://es.wikipedia.org/wiki/Embalse_de_Villameca"
"Embalses de la provincia de Lérida","https://es.wikipedia.org/wiki/Categor%C3%ADa:Embalses_de_la_provincia_de_L%C3%A9rida","Embalse de Aiguamòg","https://es.wikipedia.org/wiki/Embalse_de_Aiguam%C3%B2g"
"Embalses de la provincia de Lérida","https://es.wikipedia.org/wiki/Categor%C3%ADa:Embalses_de_la_provincia_de_L%C3%A9rida","Embalse de Albagés","https://es.wikipedia.org/wiki/Embalse_de_Albag%C3%A9s"
"Embalses de la provincia de Lérida","https://es.wikipedia.org/wiki/Categor%C3%ADa:Embalses_de_la_provincia_de_L%C3%A9rida","Embalse de Amitges de Ratera","https://es.wikipedia.org/wiki/Embalse_de_Amitges_de_Ratera"
"Embalses de la provincia de Lérida","https://es.wikipedia.org/wiki/Categor%C3%ADa:Embalses_de_la_provincia_de_L%C3%A9rida","Embalse de Baserca","https://es.wikipedia.org/wiki/Embalse_de_Baserca"
"Embalses de la provincia de Lérida","https://es.wikipedia.org/wiki/Categor%C3%ADa:Embalses_de_la_provincia_de_L%C3%A9rida","Embalse de la Boga","https://es.wikipedia.org/wiki/Embalse_de_la_Boga"
"Embalses de la provincia de Lérida","https://es.wikipedia.org/wiki/Categor%C3%ADa:Embalses_de_la_provincia_de_L%C3%A9rida","Embalse de Borén","https://es.wikipedia.org/wiki/Embalse_de_Bor%C3%A9n"
"Embalses de la provincia de Lérida","https://es.wikipedia.org/wiki/Categor%C3%ADa:Embalses_de_la_provincia_de_L%C3%A9rida","Embalse de Camarasa","https://es.wikipedia.org/wiki/Embalse_de_Camarasa"
"Embalses de la provincia de Lérida","https://es.wikipedia.org/wiki/Categor%C3%ADa:Embalses_de_la_provincia_de_L%C3%A9rida","Embalse de Canelles","https://es.wikipedia.org/wiki/Embalse_de_Canelles"
"Embalses de la provincia de Lérida","https://es.wikipedia.org/wiki/Categor%C3%ADa:Embalses_de_la_provincia_de_L%C3%A9rida","Embalse de la Casa","https://es.wikipedia.org/wiki/Embalse_de_la_Casa"
"Embalses de la provincia de Lérida","https://es.wikipedia.org/wiki/Categor%C3%ADa:Embalses_de_la_provincia_de_L%C3%A9rida","Embalse de Cavallers","https://es.wikipedia.org/wiki/Embalse_de_Cavallers"
"Embalses de la provincia de Lérida","https://es.wikipedia.org/wiki/Categor%C3%ADa:Embalses_de_la_provincia_de_L%C3%A9rida","Embalse de Escales","https://es.wikipedia.org/wiki/Embalse_de_Escales"
"Embalses de la provincia de Lérida","https://es.wikipedia.org/wiki/Categor%C3%ADa:Embalses_de_la_provincia_de_L%C3%A9rida","Embalse del Fondo de Santa Creu","https://es.wikipedia.org/wiki/Embalse_del_Fondo_de_Santa_Creu"
"Embalses de la provincia de Lérida","https://es.wikipedia.org/wiki/Categor%C3%ADa:Embalses_de_la_provincia_de_L%C3%A9rida","Embalse de Granges del Gat","https://es.wikipedia.org/wiki/Embalse_de_Granges_del_Gat"
"Embalses de la provincia de Lérida","https://es.wikipedia.org/wiki/Categor%C3%ADa:Embalses_de_la_provincia_de_L%C3%A9rida","Embalse de Graus","https://es.wikipedia.org/wiki/Embalse_de_Graus"
"Embalses de la provincia de Lérida","https://es.wikipedia.org/wiki/Categor%C3%ADa:Embalses_de_la_provincia_de_L%C3%A9rida","Lago de la Restanca","https://es.wikipedia.org/wiki/Lago_de_la_Restanca"
"Embalses de la provincia de Lérida","https://es.wikipedia.org/wiki/Categor%C3%ADa:Embalses_de_la_provincia_de_L%C3%A9rida","Lago de San Mauricio","https://es.wikipedia.org/wiki/Lago_de_San_Mauricio"
"Embalses de la provincia de Lérida","https://es.wikipedia.org/wiki/Categor%C3%ADa:Embalses_de_la_provincia_de_L%C3%A9rida","Lago Negro de Peguera","https://es.wikipedia.org/wiki/Lago_Negro_de_Peguera"
"Embalses de la provincia de Lérida","https://es.wikipedia.org/wiki/Categor%C3%ADa:Embalses_de_la_provincia_de_L%C3%A9rida","Lago Tort de Peguera","https://es.wikipedia.org/wiki/Lago_Tort_de_Peguera"
"Embalses de la provincia de Lérida","https://es.wikipedia.org/wiki/Categor%C3%ADa:Embalses_de_la_provincia_de_L%C3%A9rida","Lagos de Cabdella","https://es.wikipedia.org/wiki/Lagos_de_Cabdella"
"Embalses de la provincia de Lérida","https://es.wikipedia.org/wiki/Categor%C3%ADa:Embalses_de_la_provincia_de_L%C3%A9rida","Lagos de Espot","https://es.wikipedia.org/wiki/Lagos_de_Espot"
"Embalses de la provincia de Lérida","https://es.wikipedia.org/wiki/Categor%C3%ADa:Embalses_de_la_provincia_de_L%C3%A9rida","Embalse de Llesp","https://es.wikipedia.org/wiki/Embalse_de_Llesp"
"Embalses de la provincia de Lérida","https://es.wikipedia.org/wiki/Categor%C3%ADa:Embalses_de_la_provincia_de_L%C3%A9rida","Embalse de la Llosa del Cavall","https://es.wikipedia.org/wiki/Embalse_de_la_Llosa_del_Cavall"
"Embalses de la provincia de Lérida","https://es.wikipedia.org/wiki/Categor%C3%ADa:Embalses_de_la_provincia_de_L%C3%A9rida","Embalse de Oliana","https://es.wikipedia.org/wiki/Embalse_de_Oliana"
"Embalses de la provincia de Lérida","https://es.wikipedia.org/wiki/Categor%C3%ADa:Embalses_de_la_provincia_de_L%C3%A9rida","Embalse de Palouet","https://es.wikipedia.org/wiki/Embalse_de_Palouet"
"Embalses de la provincia de Lérida","https://es.wikipedia.org/wiki/Categor%C3%ADa:Embalses_de_la_provincia_de_L%C3%A9rida","Embalse del Pla de Xama","https://es.wikipedia.org/wiki/Embalse_del_Pla_de_Xama"
"Embalses de la provincia de Lérida","https://es.wikipedia.org/wiki/Categor%C3%ADa:Embalses_de_la_provincia_de_L%C3%A9rida","Embalse de Rialb","https://es.wikipedia.org/wiki/Embalse_de_Rialb"
"Embalses de la provincia de Lérida","https://es.wikipedia.org/wiki/Categor%C3%ADa:Embalses_de_la_provincia_de_L%C3%A9rida","Embalse de Ribarroja","https://es.wikipedia.org/wiki/Embalse_de_Ribarroja"
"Embalses de la provincia de Lérida","https://es.wikipedia.org/wiki/Categor%C3%ADa:Embalses_de_la_provincia_de_L%C3%A9rida","Embalse de Sallente","https://es.wikipedia.org/wiki/Embalse_de_Sallente"
"Embalses de la provincia de Lérida","https://es.wikipedia.org/wiki/Categor%C3%ADa:Embalses_de_la_provincia_de_L%C3%A9rida","Embalse de San Gregorio","https://es.wikipedia.org/wiki/Embalse_de_San_Gregorio"
"Embalses de la provincia de Lérida","https://es.wikipedia.org/wiki/Categor%C3%ADa:Embalses_de_la_provincia_de_L%C3%A9rida","Embalse de San Lorenzo de Montgai","https://es.wikipedia.org/wiki/Embalse_de_San_Lorenzo_de_Montgai"
"Embalses de la provincia de Lérida","https://es.wikipedia.org/wiki/Categor%C3%ADa:Embalses_de_la_provincia_de_L%C3%A9rida","Embalse de San Ponç","https://es.wikipedia.org/wiki/Embalse_de_San_Pon%C3%A7"
"Embalses de la provincia de Lérida","https://es.wikipedia.org/wiki/Categor%C3%ADa:Embalses_de_la_provincia_de_L%C3%A9rida","Embalse de San Antonio","https://es.wikipedia.org/wiki/Embalse_de_San_Antonio"
"Embalses de la provincia de Lérida","https://es.wikipedia.org/wiki/Categor%C3%ADa:Embalses_de_la_provincia_de_L%C3%A9rida","Embalse de Santa Ana","https://es.wikipedia.org/wiki/Embalse_de_Santa_Ana"
"Embalses de la provincia de Lérida","https://es.wikipedia.org/wiki/Categor%C3%ADa:Embalses_de_la_provincia_de_L%C3%A9rida","Embalse de Sossís","https://es.wikipedia.org/wiki/Embalse_de_Soss%C3%ADs"
"Embalses de la provincia de Lérida","https://es.wikipedia.org/wiki/Categor%C3%ADa:Embalses_de_la_provincia_de_L%C3%A9rida","Embalse de Tavascan","https://es.wikipedia.org/wiki/Embalse_de_Tavascan"
"Embalses de la provincia de Lérida","https://es.wikipedia.org/wiki/Categor%C3%ADa:Embalses_de_la_provincia_de_L%C3%A9rida","Embalse de Terradets","https://es.wikipedia.org/wiki/Embalse_de_Terradets"
"Embalses de la provincia de Lérida","https://es.wikipedia.org/wiki/Categor%C3%ADa:Embalses_de_la_provincia_de_L%C3%A9rida","Embalse de la Torrassa","https://es.wikipedia.org/wiki/Embalse_de_la_Torrassa"
"Embalses de la provincia de Lérida","https://es.wikipedia.org/wiki/Categor%C3%ADa:Embalses_de_la_provincia_de_L%C3%A9rida","Embalse de Utxesa","https://es.wikipedia.org/wiki/Embalse_de_Utxesa"
"Embalses de la provincia de Lérida","https://es.wikipedia.org/wiki/Categor%C3%ADa:Embalses_de_la_provincia_de_L%C3%A9rida","Embalse de Ximelis","https://es.wikipedia.org/wiki/Embalse_de_Ximelis"
"Embalses de la provincia de Lugo","https://es.wikipedia.org/wiki/Categor%C3%ADa:Embalses_de_la_provincia_de_Lugo","Embalse de Belesar","https://es.wikipedia.org/wiki/Embalse_de_Belesar"
"Embalses de la provincia de Lugo","https://es.wikipedia.org/wiki/Categor%C3%ADa:Embalses_de_la_provincia_de_Lugo","Embalse de Los Peares","https://es.wikipedia.org/wiki/Embalse_de_Los_Peares"
"Embalses de la provincia de Lugo","https://es.wikipedia.org/wiki/Categor%C3%ADa:Embalses_de_la_provincia_de_Lugo","Embalse de Salime","https://es.wikipedia.org/wiki/Embalse_de_Salime"
"Embalses de la provincia de Lugo","https://es.wikipedia.org/wiki/Categor%C3%ADa:Embalses_de_la_provincia_de_Lugo","Embalse de San Pedro (Galicia)","https://es.wikipedia.org/wiki/Embalse_de_San_Pedro_(Galicia)"
"Embalses de la provincia de Lugo","https://es.wikipedia.org/wiki/Categor%C3%ADa:Embalses_de_la_provincia_de_Lugo","Embalse de Suarna","https://es.wikipedia.org/wiki/Embalse_de_Suarna"
"Embalses de la provincia de Lugo","https://es.wikipedia.org/wiki/Categor%C3%ADa:Embalses_de_la_provincia_de_Lugo","Embalse de Vilasouto","https://es.wikipedia.org/wiki/Embalse_de_Vilasouto"
"Embalses de la Comunidad de Madrid","https://es.wikipedia.org/wiki/Categor%C3%ADa:Embalses_de_la_Comunidad_de_Madrid","Embalses de la Comunidad de Madrid del siglo XX","https://es.wikipedia.org/wiki/Categor%C3%ADa:Embalses_de_la_Comunidad_de_Madrid_del_siglo_XX"
"Embalses de la Comunidad de Madrid","https://es.wikipedia.org/wiki/Categor%C3%ADa:Embalses_de_la_Comunidad_de_Madrid","Embalses de la cuenca del río Tajo en la Comunidad de Madrid","https://es.wikipedia.org/wiki/Categor%C3%ADa:Embalses_de_la_cuenca_del_r%C3%ADo_Tajo_en_la_Comunidad_de_Madrid"
"Embalses de la Comunidad de Madrid","https://es.wikipedia.org/wiki/Categor%C3%ADa:Embalses_de_la_Comunidad_de_Madrid","Azud de Navarejos","https://es.wikipedia.org/wiki/Azud_de_Navarejos"
"Embalses de la Comunidad de Madrid","https://es.wikipedia.org/wiki/Categor%C3%ADa:Embalses_de_la_Comunidad_de_Madrid","Presa de El Gasco","https://es.wikipedia.org/wiki/Presa_de_El_Gasco"
"Embalses de la Comunidad de Madrid","https://es.wikipedia.org/wiki/Categor%C3%ADa:Embalses_de_la_Comunidad_de_Madrid","Reserva del Regajal-Mar de Ontígola","https://es.wikipedia.org/wiki/Reserva_del_Regajal-Mar_de_Ont%C3%ADgola"
"Embalses de la Comunidad de Madrid","https://es.wikipedia.org/wiki/Categor%C3%ADa:Embalses_de_la_Comunidad_de_Madrid","Pontón de la Oliva","https://es.wikipedia.org/wiki/Pont%C3%B3n_de_la_Oliva"
"Embalses de la Comunidad de Madrid","https://es.wikipedia.org/wiki/Categor%C3%ADa:Embalses_de_la_Comunidad_de_Madrid","Embalse de El Villar","https://es.wikipedia.org/wiki/Embalse_de_El_Villar"
"Embalses de la provincia de Málaga","https://es.wikipedia.org/wiki/Categor%C3%ADa:Embalses_de_la_provincia_de_M%C3%A1laga","Embalse de Casasola","https://es.wikipedia.org/wiki/Embalse_de_Casasola"
"Embalses de la provincia de Málaga","https://es.wikipedia.org/wiki/Categor%C3%ADa:Embalses_de_la_provincia_de_M%C3%A1laga","Embalse de El Limonero","https://es.wikipedia.org/wiki/Embalse_de_El_Limonero"
"Embalses de la provincia de Málaga","https://es.wikipedia.org/wiki/Categor%C3%ADa:Embalses_de_la_provincia_de_M%C3%A1laga","Embalse de Gaitanejo","https://es.wikipedia.org/wiki/Embalse_de_Gaitanejo"
"Embalses de la provincia de Málaga","https://es.wikipedia.org/wiki/Categor%C3%ADa:Embalses_de_la_provincia_de_M%C3%A1laga","Embalses Guadalhorce-Guadalteba","https://es.wikipedia.org/wiki/Embalses_Guadalhorce-Guadalteba"
"Embalses de la provincia de Málaga","https://es.wikipedia.org/wiki/Categor%C3%ADa:Embalses_de_la_provincia_de_M%C3%A1laga","Embalse de Iznájar","https://es.wikipedia.org/wiki/Embalse_de_Izn%C3%A1jar"
"Embalses de la provincia de Málaga","https://es.wikipedia.org/wiki/Categor%C3%ADa:Embalses_de_la_provincia_de_M%C3%A1laga","Embalse de la Concepción","https://es.wikipedia.org/wiki/Embalse_de_la_Concepci%C3%B3n"
"Embalses de la provincia de Málaga","https://es.wikipedia.org/wiki/Categor%C3%ADa:Embalses_de_la_provincia_de_M%C3%A1laga","Embalse de La Viñuela","https://es.wikipedia.org/wiki/Embalse_de_La_Vi%C3%B1uela"
"Embalses de la Región de Murcia","https://es.wikipedia.org/wiki/Categor%C3%ADa:Embalses_de_la_Regi%C3%B3n_de_Murcia","Embalse Alfonso XIII","https://es.wikipedia.org/wiki/Embalse_Alfonso_XIII"
"Embalses de la Región de Murcia","https://es.wikipedia.org/wiki/Categor%C3%ADa:Embalses_de_la_Regi%C3%B3n_de_Murcia","Embalse del Argos","https://es.wikipedia.org/wiki/Embalse_del_Argos"
"Embalses de la Región de Murcia","https://es.wikipedia.org/wiki/Categor%C3%ADa:Embalses_de_la_Regi%C3%B3n_de_Murcia","Embalse del Cenajo","https://es.wikipedia.org/wiki/Embalse_del_Cenajo"
"Embalses de la Región de Murcia","https://es.wikipedia.org/wiki/Categor%C3%ADa:Embalses_de_la_Regi%C3%B3n_de_Murcia","Embalse de Puentes","https://es.wikipedia.org/wiki/Embalse_de_Puentes"
"Embalses de la Región de Murcia","https://es.wikipedia.org/wiki/Categor%C3%ADa:Embalses_de_la_Regi%C3%B3n_de_Murcia","Embalse de Santomera","https://es.wikipedia.org/wiki/Embalse_de_Santomera"
"Embalses de la Región de Murcia","https://es.wikipedia.org/wiki/Categor%C3%ADa:Embalses_de_la_Regi%C3%B3n_de_Murcia","Embalse de Valdeinfierno (Murcia)","https://es.wikipedia.org/wiki/Embalse_de_Valdeinfierno_(Murcia)"
"Embalses de Navarra","https://es.wikipedia.org/wiki/Categor%C3%ADa:Embalses_de_Navarra","Embalse de Alloz","https://es.wikipedia.org/wiki/Embalse_de_Alloz"
"Embalses de Navarra","https://es.wikipedia.org/wiki/Categor%C3%ADa:Embalses_de_Navarra","Embalse de Eugui","https://es.wikipedia.org/wiki/Embalse_de_Eugui"
"Embalses de Navarra","https://es.wikipedia.org/wiki/Categor%C3%ADa:Embalses_de_Navarra","Embalse de Itoiz","https://es.wikipedia.org/wiki/Embalse_de_Itoiz"
"Embalses de Navarra","https://es.wikipedia.org/wiki/Categor%C3%ADa:Embalses_de_Navarra","Embalse de Yesa","https://es.wikipedia.org/wiki/Embalse_de_Yesa"
"Embalses de Navarra","https://es.wikipedia.org/wiki/Categor%C3%ADa:Embalses_de_Navarra","Recrecimiento de la presa de Yesa","https://es.wikipedia.org/wiki/Recrecimiento_de_la_presa_de_Yesa"
"Embalses de la provincia de Orense","https://es.wikipedia.org/wiki/Categor%C3%ADa:Embalses_de_la_provincia_de_Orense","Embalse de Peñarrubia","https://es.wikipedia.org/wiki/Embalse_de_Pe%C3%B1arrubia"
"Embalses de la provincia de Orense","https://es.wikipedia.org/wiki/Categor%C3%ADa:Embalses_de_la_provincia_de_Orense","Embalse de San Pedro (Galicia)","https://es.wikipedia.org/wiki/Embalse_de_San_Pedro_(Galicia)"
"Embalses de la provincia de Orense","https://es.wikipedia.org/wiki/Categor%C3%ADa:Embalses_de_la_provincia_de_Orense","Embalse de Velle","https://es.wikipedia.org/wiki/Embalse_de_Velle"
"Embalses de la provincia de Palencia","https://es.wikipedia.org/wiki/Categor%C3%ADa:Embalses_de_la_provincia_de_Palencia","Embalse de Aguilar","https://es.wikipedia.org/wiki/Embalse_de_Aguilar"
"Embalses de la provincia de Palencia","https://es.wikipedia.org/wiki/Categor%C3%ADa:Embalses_de_la_provincia_de_Palencia","Embalse de Camporredondo","https://es.wikipedia.org/wiki/Embalse_de_Camporredondo"
"Embalses de la provincia de Palencia","https://es.wikipedia.org/wiki/Categor%C3%ADa:Embalses_de_la_provincia_de_Palencia","Embalse de Cervera","https://es.wikipedia.org/wiki/Embalse_de_Cervera"
"Embalses de la provincia de Palencia","https://es.wikipedia.org/wiki/Categor%C3%ADa:Embalses_de_la_provincia_de_Palencia","Embalse de Compuerto","https://es.wikipedia.org/wiki/Embalse_de_Compuerto"
"Embalses de la provincia de Palencia","https://es.wikipedia.org/wiki/Categor%C3%ADa:Embalses_de_la_provincia_de_Palencia","Embalse de Requejada","https://es.wikipedia.org/wiki/Embalse_de_Requejada"
"Embalses de la provincia de Pontevedra","https://es.wikipedia.org/wiki/Categor%C3%ADa:Embalses_de_la_provincia_de_Pontevedra","Embalse de Pontillón de Castro","https://es.wikipedia.org/wiki/Embalse_de_Pontill%C3%B3n_de_Castro"
"Embalses de la provincia de Pontevedra","https://es.wikipedia.org/wiki/Categor%C3%ADa:Embalses_de_la_provincia_de_Pontevedra","Embalse de Portodemouros","https://es.wikipedia.org/wiki/Embalse_de_Portodemouros"
"Embalses de la provincia de Pontevedra","https://es.wikipedia.org/wiki/Categor%C3%ADa:Embalses_de_la_provincia_de_Pontevedra","Embalse de Zamanes","https://es.wikipedia.org/wiki/Embalse_de_Zamanes"
"Embalses de la provincia de Salamanca","https://es.wikipedia.org/wiki/Categor%C3%ADa:Embalses_de_la_provincia_de_Salamanca","Presa del Águeda","https://es.wikipedia.org/wiki/Presa_del_%C3%81gueda"
"Embalses de la provincia de Salamanca","https://es.wikipedia.org/wiki/Categor%C3%ADa:Embalses_de_la_provincia_de_Salamanca","Presa de Aldeadávila","https://es.wikipedia.org/wiki/Presa_de_Aldead%C3%A1vila"
"Embalses de la provincia de Salamanca","https://es.wikipedia.org/wiki/Categor%C3%ADa:Embalses_de_la_provincia_de_Salamanca","Presa de Almendra","https://es.wikipedia.org/wiki/Presa_de_Almendra"
"Embalses de la provincia de Salamanca","https://es.wikipedia.org/wiki/Categor%C3%ADa:Embalses_de_la_provincia_de_Salamanca","Embalse de San Fernando","https://es.wikipedia.org/wiki/Embalse_de_San_Fernando"
"Embalses de la provincia de Salamanca","https://es.wikipedia.org/wiki/Categor%C3%ADa:Embalses_de_la_provincia_de_Salamanca","Embalse de Irueña","https://es.wikipedia.org/wiki/Embalse_de_Irue%C3%B1a"
"Embalses de la provincia de Salamanca","https://es.wikipedia.org/wiki/Categor%C3%ADa:Embalses_de_la_provincia_de_Salamanca","Embalse de Navamuño","https://es.wikipedia.org/wiki/Embalse_de_Navamu%C3%B1o"
"Embalses de la provincia de Salamanca","https://es.wikipedia.org/wiki/Categor%C3%ADa:Embalses_de_la_provincia_de_Salamanca","Azud de Riolobos","https://es.wikipedia.org/wiki/Azud_de_Riolobos"
"Embalses de la provincia de Salamanca","https://es.wikipedia.org/wiki/Categor%C3%ADa:Embalses_de_la_provincia_de_Salamanca","Embalse de Santa Teresa","https://es.wikipedia.org/wiki/Embalse_de_Santa_Teresa"
"Embalses de la provincia de Salamanca","https://es.wikipedia.org/wiki/Categor%C3%ADa:Embalses_de_la_provincia_de_Salamanca","Presa de Saucelle","https://es.wikipedia.org/wiki/Presa_de_Saucelle"
"Embalses de la provincia de Salamanca","https://es.wikipedia.org/wiki/Categor%C3%ADa:Embalses_de_la_provincia_de_Salamanca","Embalse de Villagonzalo","https://es.wikipedia.org/wiki/Embalse_de_Villagonzalo"
"Embalses de la provincia de Salamanca","https://es.wikipedia.org/wiki/Categor%C3%ADa:Embalses_de_la_provincia_de_Salamanca","Embalse de Yecla de Yeltes","https://es.wikipedia.org/wiki/Embalse_de_Yecla_de_Yeltes"
"Embalses de la provincia de Segovia","https://es.wikipedia.org/wiki/Categor%C3%ADa:Embalses_de_la_provincia_de_Segovia","Embalse de Burgomillodo","https://es.wikipedia.org/wiki/Embalse_de_Burgomillodo"
"Embalses de la provincia de Segovia","https://es.wikipedia.org/wiki/Categor%C3%ADa:Embalses_de_la_provincia_de_Segovia","Embalse de Las Vencías","https://es.wikipedia.org/wiki/Embalse_de_Las_Venc%C3%ADas"
"Embalses de la provincia de Segovia","https://es.wikipedia.org/wiki/Categor%C3%ADa:Embalses_de_la_provincia_de_Segovia","Embalse de Linares","https://es.wikipedia.org/wiki/Embalse_de_Linares"
"Embalses de la provincia de Segovia","https://es.wikipedia.org/wiki/Categor%C3%ADa:Embalses_de_la_provincia_de_Segovia","Embalse del Pontón Alto","https://es.wikipedia.org/wiki/Embalse_del_Pont%C3%B3n_Alto"
"Embalses de la provincia de Segovia","https://es.wikipedia.org/wiki/Categor%C3%ADa:Embalses_de_la_provincia_de_Segovia","Embalse de Puente Alta","https://es.wikipedia.org/wiki/Embalse_de_Puente_Alta"
"Embalses de la provincia de Segovia","https://es.wikipedia.org/wiki/Categor%C3%ADa:Embalses_de_la_provincia_de_Segovia","Embalse del Pirón","https://es.wikipedia.org/wiki/Embalse_del_Pir%C3%B3n"
"Embalses de la provincia de Sevilla","https://es.wikipedia.org/wiki/Categor%C3%ADa:Embalses_de_la_provincia_de_Sevilla","Embalse de Cala","https://es.wikipedia.org/wiki/Embalse_de_Cala"
"Embalses de la provincia de Sevilla","https://es.wikipedia.org/wiki/Categor%C3%ADa:Embalses_de_la_provincia_de_Sevilla","Embalse de Cordobilla","https://es.wikipedia.org/wiki/Embalse_de_Cordobilla"
"Embalses de la provincia de Sevilla","https://es.wikipedia.org/wiki/Categor%C3%ADa:Embalses_de_la_provincia_de_Sevilla","Embalse del Gergal","https://es.wikipedia.org/wiki/Embalse_del_Gergal"
"Embalses de la provincia de Sevilla","https://es.wikipedia.org/wiki/Categor%C3%ADa:Embalses_de_la_provincia_de_Sevilla","Embalse de José Torán","https://es.wikipedia.org/wiki/Embalse_de_Jos%C3%A9_Tor%C3%A1n"
"Embalses de la provincia de Sevilla","https://es.wikipedia.org/wiki/Categor%C3%ADa:Embalses_de_la_provincia_de_Sevilla","Embalse de La Minilla","https://es.wikipedia.org/wiki/Embalse_de_La_Minilla"
"Embalses de la provincia de Sevilla","https://es.wikipedia.org/wiki/Categor%C3%ADa:Embalses_de_la_provincia_de_Sevilla","Embalse de Malpasillo","https://es.wikipedia.org/wiki/Embalse_de_Malpasillo"
"Embalses de la provincia de Sevilla","https://es.wikipedia.org/wiki/Categor%C3%ADa:Embalses_de_la_provincia_de_Sevilla","Embalse de Melonares","https://es.wikipedia.org/wiki/Embalse_de_Melonares"
"Embalses de la provincia de Sevilla","https://es.wikipedia.org/wiki/Categor%C3%ADa:Embalses_de_la_provincia_de_Sevilla","Pantano de El Pintado","https://es.wikipedia.org/wiki/Pantano_de_El_Pintado"
"Embalses de la provincia de Sevilla","https://es.wikipedia.org/wiki/Categor%C3%ADa:Embalses_de_la_provincia_de_Sevilla","Embalse de Retortillo","https://es.wikipedia.org/wiki/Embalse_de_Retortillo"
"Embalses de la provincia de Soria","https://es.wikipedia.org/wiki/Categor%C3%ADa:Embalses_de_la_provincia_de_Soria","Embalse de Campillo de Buitrago","https://es.wikipedia.org/wiki/Embalse_de_Campillo_de_Buitrago"
"Embalses de la provincia de Soria","https://es.wikipedia.org/wiki/Categor%C3%ADa:Embalses_de_la_provincia_de_Soria","Embalse de Cuerda del Pozo","https://es.wikipedia.org/wiki/Embalse_de_Cuerda_del_Pozo"
"Embalses de la provincia de Soria","https://es.wikipedia.org/wiki/Categor%C3%ADa:Embalses_de_la_provincia_de_Soria","Embalse de Los Rábanos","https://es.wikipedia.org/wiki/Embalse_de_Los_R%C3%A1banos"
"Embalses de la provincia de Soria","https://es.wikipedia.org/wiki/Categor%C3%ADa:Embalses_de_la_provincia_de_Soria","Embalse de Monteagudo","https://es.wikipedia.org/wiki/Embalse_de_Monteagudo"
"Embalses de la provincia de Soria","https://es.wikipedia.org/wiki/Categor%C3%ADa:Embalses_de_la_provincia_de_Soria","Embalse de Vilde","https://es.wikipedia.org/wiki/Embalse_de_Vilde"
"Embalses de la provincia de Tarragona","https://es.wikipedia.org/wiki/Categor%C3%ADa:Embalses_de_la_provincia_de_Tarragona","Azud de la Venta de Pubill","https://es.wikipedia.org/wiki/Azud_de_la_Venta_de_Pubill"
"Embalses de la provincia de Tarragona","https://es.wikipedia.org/wiki/Categor%C3%ADa:Embalses_de_la_provincia_de_Tarragona","Embalse del Catllar","https://es.wikipedia.org/wiki/Embalse_del_Catllar"
"Embalses de la provincia de Tarragona","https://es.wikipedia.org/wiki/Categor%C3%ADa:Embalses_de_la_provincia_de_Tarragona","Embalse de Ciurana","https://es.wikipedia.org/wiki/Embalse_de_Ciurana"
"Embalses de la provincia de Tarragona","https://es.wikipedia.org/wiki/Categor%C3%ADa:Embalses_de_la_provincia_de_Tarragona","Embalse de Flix","https://es.wikipedia.org/wiki/Embalse_de_Flix"
"Embalses de la provincia de Tarragona","https://es.wikipedia.org/wiki/Categor%C3%ADa:Embalses_de_la_provincia_de_Tarragona","Embalse de Guiamets","https://es.wikipedia.org/wiki/Embalse_de_Guiamets"
"Embalses de la provincia de Tarragona","https://es.wikipedia.org/wiki/Categor%C3%ADa:Embalses_de_la_provincia_de_Tarragona","Embalse de Margalef","https://es.wikipedia.org/wiki/Embalse_de_Margalef"
"Embalses de la provincia de Tarragona","https://es.wikipedia.org/wiki/Categor%C3%ADa:Embalses_de_la_provincia_de_Tarragona","Embalse del Mas de Franxo","https://es.wikipedia.org/wiki/Embalse_del_Mas_de_Franxo"
"Embalses de la provincia de Tarragona","https://es.wikipedia.org/wiki/Categor%C3%ADa:Embalses_de_la_provincia_de_Tarragona","Embalse de Riudecañas","https://es.wikipedia.org/wiki/Embalse_de_Riudeca%C3%B1as"
"Embalses de la provincia de Tarragona","https://es.wikipedia.org/wiki/Categor%C3%ADa:Embalses_de_la_provincia_de_Tarragona","Embalse de Vilella Baja","https://es.wikipedia.org/wiki/Embalse_de_Vilella_Baja"
"Embalses de la provincia de Teruel","https://es.wikipedia.org/wiki/Categor%C3%ADa:Embalses_de_la_provincia_de_Teruel","Embalse del Arquillo de San Blas","https://es.wikipedia.org/wiki/Embalse_del_Arquillo_de_San_Blas"
"Embalses de la provincia de Teruel","https://es.wikipedia.org/wiki/Categor%C3%ADa:Embalses_de_la_provincia_de_Teruel","Embalse de Balagueras","https://es.wikipedia.org/wiki/Embalse_de_Balagueras"
"Embalses de la provincia de Teruel","https://es.wikipedia.org/wiki/Categor%C3%ADa:Embalses_de_la_provincia_de_Teruel","Embalse de Calanda","https://es.wikipedia.org/wiki/Embalse_de_Calanda"
"Embalses de la provincia de Teruel","https://es.wikipedia.org/wiki/Categor%C3%ADa:Embalses_de_la_provincia_de_Teruel","Embalse de Caspe","https://es.wikipedia.org/wiki/Embalse_de_Caspe"
"Embalses de la provincia de Teruel","https://es.wikipedia.org/wiki/Categor%C3%ADa:Embalses_de_la_provincia_de_Teruel","Embalse de Cueva Foradada","https://es.wikipedia.org/wiki/Embalse_de_Cueva_Foradada"
"Embalses de la provincia de Teruel","https://es.wikipedia.org/wiki/Categor%C3%ADa:Embalses_de_la_provincia_de_Teruel","Embalse de Escuriza","https://es.wikipedia.org/wiki/Embalse_de_Escuriza"
"Embalses de la provincia de Teruel","https://es.wikipedia.org/wiki/Categor%C3%ADa:Embalses_de_la_provincia_de_Teruel","Embalse de Lechago","https://es.wikipedia.org/wiki/Embalse_de_Lechago"
"Embalses de la provincia de Teruel","https://es.wikipedia.org/wiki/Categor%C3%ADa:Embalses_de_la_provincia_de_Teruel","Presa de Los Toranes","https://es.wikipedia.org/wiki/Presa_de_Los_Toranes"
"Embalses de la provincia de Teruel","https://es.wikipedia.org/wiki/Categor%C3%ADa:Embalses_de_la_provincia_de_Teruel","Embalse de Valbona","https://es.wikipedia.org/wiki/Embalse_de_Valbona"
"Embalses de la provincia de Toledo","https://es.wikipedia.org/wiki/Categor%C3%ADa:Embalses_de_la_provincia_de_Toledo","Embalse de Cazalegas","https://es.wikipedia.org/wiki/Embalse_de_Cazalegas"
"Embalses de la provincia de Toledo","https://es.wikipedia.org/wiki/Categor%C3%ADa:Embalses_de_la_provincia_de_Toledo","Embalse de Finisterre","https://es.wikipedia.org/wiki/Embalse_de_Finisterre"
"Embalses de la provincia de Toledo","https://es.wikipedia.org/wiki/Categor%C3%ADa:Embalses_de_la_provincia_de_Toledo","Embalse de Navalcán","https://es.wikipedia.org/wiki/Embalse_de_Navalc%C3%A1n"
"Embalses de la provincia de Toledo","https://es.wikipedia.org/wiki/Categor%C3%ADa:Embalses_de_la_provincia_de_Toledo","Embalse de Rosarito","https://es.wikipedia.org/wiki/Embalse_de_Rosarito"
"Embalses de la provincia de Valencia","https://es.wikipedia.org/wiki/Categor%C3%ADa:Embalses_de_la_provincia_de_Valencia","Embalse de Bellús","https://es.wikipedia.org/wiki/Embalse_de_Bell%C3%BAs"
"Embalses de la provincia de Valencia","https://es.wikipedia.org/wiki/Categor%C3%ADa:Embalses_de_la_provincia_de_Valencia","Embalse de Benagéber","https://es.wikipedia.org/wiki/Embalse_de_Benag%C3%A9ber"
"Embalses de la provincia de Valencia","https://es.wikipedia.org/wiki/Categor%C3%ADa:Embalses_de_la_provincia_de_Valencia","Presa del Bosquet","https://es.wikipedia.org/wiki/Presa_del_Bosquet"
"Embalses de la provincia de Valencia","https://es.wikipedia.org/wiki/Categor%C3%ADa:Embalses_de_la_provincia_de_Valencia","Embalse de Buseo","https://es.wikipedia.org/wiki/Embalse_de_Buseo"
"Embalses de la provincia de Valencia","https://es.wikipedia.org/wiki/Categor%C3%ADa:Embalses_de_la_provincia_de_Valencia","Embalse de Contreras","https://es.wikipedia.org/wiki/Embalse_de_Contreras"
"Embalses de la provincia de Valencia","https://es.wikipedia.org/wiki/Categor%C3%ADa:Embalses_de_la_provincia_de_Valencia","Embalse de Cortes-La Muela","https://es.wikipedia.org/wiki/Embalse_de_Cortes-La_Muela"
"Embalses de la provincia de Valencia","https://es.wikipedia.org/wiki/Categor%C3%ADa:Embalses_de_la_provincia_de_Valencia","Embalse de El Naranjero","https://es.wikipedia.org/wiki/Embalse_de_El_Naranjero"
"Embalses de la provincia de Valencia","https://es.wikipedia.org/wiki/Categor%C3%ADa:Embalses_de_la_provincia_de_Valencia","Embalse de Embarcaderos","https://es.wikipedia.org/wiki/Embalse_de_Embarcaderos"
"Embalses de la provincia de Valencia","https://es.wikipedia.org/wiki/Categor%C3%ADa:Embalses_de_la_provincia_de_Valencia","Embalse de Escalona","https://es.wikipedia.org/wiki/Embalse_de_Escalona"
"Embalses de la provincia de Valencia","https://es.wikipedia.org/wiki/Categor%C3%ADa:Embalses_de_la_provincia_de_Valencia","Embalse de Forata","https://es.wikipedia.org/wiki/Embalse_de_Forata"
"Embalses de la provincia de Valencia","https://es.wikipedia.org/wiki/Categor%C3%ADa:Embalses_de_la_provincia_de_Valencia","Embalse de Loriguilla","https://es.wikipedia.org/wiki/Embalse_de_Loriguilla"
"Embalses de la provincia de Valencia","https://es.wikipedia.org/wiki/Categor%C3%ADa:Embalses_de_la_provincia_de_Valencia","Embalse de Tous","https://es.wikipedia.org/wiki/Embalse_de_Tous"
"Embalses de la provincia de Valladolid","https://es.wikipedia.org/wiki/Categor%C3%ADa:Embalses_de_la_provincia_de_Valladolid","Embalse de Encinas de Esgueva","https://es.wikipedia.org/wiki/Embalse_de_Encinas_de_Esgueva"
"Embalses de la provincia de Valladolid","https://es.wikipedia.org/wiki/Categor%C3%ADa:Embalses_de_la_provincia_de_Valladolid","Embalse de San José","https://es.wikipedia.org/wiki/Embalse_de_San_Jos%C3%A9"
"Embalses de la provincia de Valladolid","https://es.wikipedia.org/wiki/Categor%C3%ADa:Embalses_de_la_provincia_de_Valladolid","Embalse de la Santa Espina","https://es.wikipedia.org/wiki/Embalse_de_la_Santa_Espina"
"Embalses de la provincia de Valladolid","https://es.wikipedia.org/wiki/Categor%C3%ADa:Embalses_de_la_provincia_de_Valladolid","Embalse de Valdemudarra","https://es.wikipedia.org/wiki/Embalse_de_Valdemudarra"
"Embalses de la provincia de Zamora","https://es.wikipedia.org/wiki/Categor%C3%ADa:Embalses_de_la_provincia_de_Zamora","Presa de Almendra","https://es.wikipedia.org/wiki/Presa_de_Almendra"
"Embalses de la provincia de Zamora","https://es.wikipedia.org/wiki/Categor%C3%ADa:Embalses_de_la_provincia_de_Zamora","Presa de Bemposta","https://es.wikipedia.org/wiki/Presa_de_Bemposta"
"Embalses de la provincia de Zamora","https://es.wikipedia.org/wiki/Categor%C3%ADa:Embalses_de_la_provincia_de_Zamora","Presa de Castro","https://es.wikipedia.org/wiki/Presa_de_Castro"
"Embalses de la provincia de Zamora","https://es.wikipedia.org/wiki/Categor%C3%ADa:Embalses_de_la_provincia_de_Zamora","Embalse de Cernadilla","https://es.wikipedia.org/wiki/Embalse_de_Cernadilla"
"Embalses de la provincia de Zamora","https://es.wikipedia.org/wiki/Categor%C3%ADa:Embalses_de_la_provincia_de_Zamora","Presa de Miranda","https://es.wikipedia.org/wiki/Presa_de_Miranda"
"Embalses de la provincia de Zamora","https://es.wikipedia.org/wiki/Categor%C3%ADa:Embalses_de_la_provincia_de_Zamora","Embalse de Nuestra Señora del Agavanzal","https://es.wikipedia.org/wiki/Embalse_de_Nuestra_Se%C3%B1ora_del_Agavanzal"
"Embalses de la provincia de Zamora","https://es.wikipedia.org/wiki/Categor%C3%ADa:Embalses_de_la_provincia_de_Zamora","Presa de Picote","https://es.wikipedia.org/wiki/Presa_de_Picote"
"Embalses de la provincia de Zamora","https://es.wikipedia.org/wiki/Categor%C3%ADa:Embalses_de_la_provincia_de_Zamora","Embalse de Puente Porto","https://es.wikipedia.org/wiki/Embalse_de_Puente_Porto"
"Embalses de la provincia de Zamora","https://es.wikipedia.org/wiki/Categor%C3%ADa:Embalses_de_la_provincia_de_Zamora","Presa de Ricobayo","https://es.wikipedia.org/wiki/Presa_de_Ricobayo"
"Embalses de la provincia de Zamora","https://es.wikipedia.org/wiki/Categor%C3%ADa:Embalses_de_la_provincia_de_Zamora","Embalse de San Sebastián","https://es.wikipedia.org/wiki/Embalse_de_San_Sebasti%C3%A1n"
"Embalses de la provincia de Zamora","https://es.wikipedia.org/wiki/Categor%C3%ADa:Embalses_de_la_provincia_de_Zamora","Embalse de Valparaíso","https://es.wikipedia.org/wiki/Embalse_de_Valpara%C3%ADso"
"Embalses de la provincia de Zamora","https://es.wikipedia.org/wiki/Categor%C3%ADa:Embalses_de_la_provincia_de_Zamora","Embalse de Vega de Tera","https://es.wikipedia.org/wiki/Embalse_de_Vega_de_Tera"
"Embalses de la provincia de Zamora","https://es.wikipedia.org/wiki/Categor%C3%ADa:Embalses_de_la_provincia_de_Zamora","Presa de Villalcampo","https://es.wikipedia.org/wiki/Presa_de_Villalcampo"
"Embalses de la provincia de Zaragoza","https://es.wikipedia.org/wiki/Categor%C3%ADa:Embalses_de_la_provincia_de_Zaragoza","Embalse de Caspe","https://es.wikipedia.org/wiki/Embalse_de_Caspe"
"Embalses de la provincia de Zaragoza","https://es.wikipedia.org/wiki/Categor%C3%ADa:Embalses_de_la_provincia_de_Zaragoza","Embalse de La Hoya de Almochuel","https://es.wikipedia.org/wiki/Embalse_de_La_Hoya_de_Almochuel"
"Embalses de la provincia de Zaragoza","https://es.wikipedia.org/wiki/Categor%C3%ADa:Embalses_de_la_provincia_de_Zaragoza","Embalse de La Loteta","https://es.wikipedia.org/wiki/Embalse_de_La_Loteta"
"Embalses de la provincia de Zaragoza","https://es.wikipedia.org/wiki/Categor%C3%ADa:Embalses_de_la_provincia_de_Zaragoza","Embalse de Maidevera","https://es.wikipedia.org/wiki/Embalse_de_Maidevera"
"Embalses de la provincia de Zaragoza","https://es.wikipedia.org/wiki/Categor%C3%ADa:Embalses_de_la_provincia_de_Zaragoza","Embalse de Mequinenza","https://es.wikipedia.org/wiki/Embalse_de_Mequinenza"
"Embalses de la provincia de Zaragoza","https://es.wikipedia.org/wiki/Categor%C3%ADa:Embalses_de_la_provincia_de_Zaragoza","Embalse de Mularroya","https://es.wikipedia.org/wiki/Embalse_de_Mularroya"
"Embalses de la provincia de Zaragoza","https://es.wikipedia.org/wiki/Categor%C3%ADa:Embalses_de_la_provincia_de_Zaragoza","Embalse de Ribarroja","https://es.wikipedia.org/wiki/Embalse_de_Ribarroja"
"Embalses de la provincia de Zaragoza","https://es.wikipedia.org/wiki/Categor%C3%ADa:Embalses_de_la_provincia_de_Zaragoza","Embalse de San Bartolomé","https://es.wikipedia.org/wiki/Embalse_de_San_Bartolom%C3%A9"
"Embalses de la provincia de Zaragoza","https://es.wikipedia.org/wiki/Categor%C3%ADa:Embalses_de_la_provincia_de_Zaragoza","Embalse de La Tranquera","https://es.wikipedia.org/wiki/Embalse_de_La_Tranquera"
"Embalses de la provincia de Zaragoza","https://es.wikipedia.org/wiki/Categor%C3%ADa:Embalses_de_la_provincia_de_Zaragoza","Embalse de Yesa","https://es.wikipedia.org/wiki/Embalse_de_Yesa"
"Embalses de la provincia de Zaragoza","https://es.wikipedia.org/wiki/Categor%C3%ADa:Embalses_de_la_provincia_de_Zaragoza","Recrecimiento de la presa de Yesa","https://es.wikipedia.org/wiki/Recrecimiento_de_la_presa_de_Yesa"